City_ID,City,Country,Date,Lat,Lng,Max Temp,Humidity,Cloudiness,Wind Speed
0,Novomykolayivka,UA,2022-01-30 01:04:03,47.9781,35.9102,30.45,89,100,11.07
1,Mataura,NZ,2022-01-30 01:04:03,-46.1927,168.8643,56.73,99,100,2.64
2,Bambous Virieux,MU,2022-01-30 01:04:03,-20.3428,57.7575,76.21,75,100,12.46
3,Rikitea,PF,2022-01-30 00:59:34,-23.1203,-134.9692,76.98,71,100,8.48
4,Busselton,AU,2022-01-30 01:04:04,-33.65,115.3333,77.04,60,7,13.0
5,Puerto Ayora,EC,2022-01-30 01:04:04,-0.7393,-90.3518,73.96,82,34,6.33
6,Bluff,NZ,2022-01-30 01:04:05,-46.6,168.3333,59.32,87,100,7.52
7,Punta Arenas,CL,2022-01-30 01:00:41,-53.15,-70.9167,51.12,50,100,14.79
8,Kungurtug,RU,2022-01-30 01:04:05,50.5994,97.5228,-24.7,98,36,1.3
9,East London,ZA,2022-01-30 01:01:53,-33.0153,27.9116,69.33,85,3,6.15
10,Lagoa,PT,2022-01-30 01:04:06,39.05,-27.9833,58.14,73,8,15.23
11,Jatiroto,ID,2022-01-30 01:04:06,-7.8833,111.1167,78.66,83,100,3.04
12,Batticaloa,LK,2022-01-30 01:04:06,7.7102,81.6924,76.21,86,16,1.83
13,Hermanus,ZA,2022-01-30 01:04:07,-34.4187,19.2345,65.8,83,1,10.89
14,Caracuaro,MX,2022-01-30 01:04:07,19.0106,-101.1264,82.08,39,57,2.28
15,Chokurdakh,RU,2022-01-30 01:04:07,70.6333,147.9167,-12.35,87,98,1.36
16,Port Alfred,ZA,2022-01-30 01:04:08,-33.5906,26.891,68.45,87,11,8.03
17,Ushuaia,AR,2022-01-30 01:04:08,-54.8,-68.3,44.26,87,100,0.0
18,Bethel,US,2022-01-30 00:59:38,41.3712,-73.414,18.48,61,100,3.0
19,Tiksi,RU,2022-01-30 01:04:08,71.6872,128.8694,-9.56,98,51,4.34
20,Burnie,AU,2022-01-30 01:04:09,-41.0667,145.9167,69.94,67,21,6.11
21,Itarema,BR,2022-01-30 00:59:37,-2.9248,-39.9167,78.67,74,100,9.93
22,Georgetown,MY,2022-01-30 01:01:46,5.4112,100.3354,81.9,83,20,3.44
23,Jalingo,NG,2022-01-30 01:04:09,8.8833,11.3667,68.07,22,20,5.68
24,Japura,ID,2022-01-30 01:01:18,-0.3167,102.35,79.25,79,99,1.66
25,Nikolskoye,RU,2022-01-30 01:04:10,59.7035,30.7861,26.87,90,100,16.64
26,Gat,IL,2022-01-30 01:02:04,31.61,34.7642,49.41,100,0,1.81
27,Shubarkuduk,KZ,2022-01-30 01:04:10,49.1447,56.4872,16.3,96,100,7.09
28,Dikson,RU,2022-01-30 01:04:11,73.5069,80.5464,7.61,94,100,18.97
29,Saldanha,ZA,2022-01-30 01:04:11,-33.0117,17.9442,64.69,84,0,12.48
30,Novosokolniki,RU,2022-01-30 01:04:11,56.3463,30.1578,25.68,94,100,18.12
31,Shima,CN,2022-01-30 01:04:12,24.4478,117.8111,57.22,80,95,2.33
32,Albany,US,2022-01-30 01:04:12,42.6001,-73.9662,8.51,60,100,14.0
33,Key West,US,2022-01-30 01:04:12,24.5557,-81.7826,62.6,56,75,16.11
34,Jamestown,US,2022-01-30 01:04:13,42.097,-79.2353,4.32,85,0,8.05
35,Kapaa,US,2022-01-30 01:01:14,22.0752,-159.319,80.58,67,18,1.99
36,New Norfolk,AU,2022-01-30 01:04:13,-42.7826,147.0587,75.65,31,0,2.93
37,Vostok,RU,2022-01-30 01:04:13,46.4856,135.8833,-7.11,91,58,3.18
38,Ust-Tarka,RU,2022-01-30 01:04:14,55.5672,75.705,3.83,87,100,9.69
39,Klaksvik,FO,2022-01-30 01:04:14,62.2266,-6.589,32.92,63,100,13.67
40,Terrace Bay,CA,2022-01-30 01:04:14,48.7834,-87.1,12.6,91,100,5.17
41,Upernavik,GL,2022-01-30 00:59:40,72.7868,-56.1549,-0.85,96,100,7.56
42,Vaini,TO,2022-01-30 01:04:15,-21.2,-175.2,81.77,76,100,11.88
43,Olafsvik,IS,2022-01-30 01:04:15,64.8945,-23.7142,37.56,65,100,21.97
44,Thompson,CA,2022-01-30 01:04:15,55.7435,-97.8558,-17.0,100,40,1.57
45,Laguna,US,2022-01-30 01:04:16,38.421,-121.4238,62.44,50,0,4.61
46,Saskylakh,RU,2022-01-30 01:02:02,71.9167,114.0833,-19.82,100,100,3.78
47,Kavieng,PG,2022-01-30 01:00:44,-2.5744,150.7967,83.37,73,100,5.91
48,Tuktoyaktuk,CA,2022-01-30 01:00:43,69.4541,-133.0374,-7.02,96,100,16.71
49,Port Elizabeth,ZA,2022-01-30 01:05:17,-33.918,25.5701,61.11,88,0,4.83
50,Barrow,US,2022-01-30 01:05:01,71.2906,-156.7887,-9.38,70,0,10.36
51,Chuy,UY,2022-01-30 01:05:17,-33.6971,-53.4616,65.79,78,0,7.58
52,Atar,MR,2022-01-30 01:05:18,20.5169,-13.0499,72.32,24,97,6.69
53,Minamiashigara,JP,2022-01-30 01:05:18,35.3193,139.099,44.51,52,82,5.03
54,Arraial Do Cabo,BR,2022-01-30 01:05:18,-22.9661,-42.0278,74.71,94,100,11.63
55,Shestakovo,RU,2022-01-30 01:05:19,56.4915,103.96,-13.86,100,96,2.95
56,Bayan,CN,2022-01-30 01:05:19,46.0833,127.4,1.87,92,100,5.08
57,Faanui,PF,2022-01-30 01:05:19,-16.4833,-151.75,80.65,71,99,8.23
58,Te Anau,NZ,2022-01-30 01:05:20,-45.4167,167.7167,57.42,93,100,0.72
59,Kodiak,US,2022-01-30 01:05:20,57.79,-152.4072,35.11,55,0,12.66
60,Hilo,US,2022-01-30 01:05:20,19.7297,-155.09,77.25,67,0,8.01
61,Am Timan,TD,2022-01-30 01:05:21,11.0297,20.2827,68.83,21,9,5.75
62,Huarmey,PE,2022-01-30 01:05:21,-10.0681,-78.1522,70.97,82,22,9.48
63,Lasa,IT,2022-01-30 01:01:19,46.6166,10.7002,34.29,81,15,9.01
64,Mar Del Plata,AR,2022-01-30 01:05:22,-38.0023,-57.5575,74.88,65,0,21.0
65,Carnarvon,AU,2022-01-30 01:05:22,-24.8667,113.6333,78.87,83,100,14.97
66,Kuytun,RU,2022-01-30 01:05:22,54.3419,101.5036,-26.3,100,88,1.83
67,Flinders,AU,2022-01-30 01:05:23,-34.5833,150.8552,86.81,71,97,8.46
68,Vardo,NO,2022-01-30 01:05:23,70.3705,31.1107,22.71,79,96,1.77
69,Shimoda,JP,2022-01-30 01:05:23,34.6667,138.95,44.71,55,100,12.12
70,Denia,ES,2022-01-30 01:05:24,38.8408,0.1057,53.33,82,0,1.99
71,Sao Gabriel Da Cachoeira,BR,2022-01-30 01:05:24,-0.1303,-67.0892,76.87,86,100,2.51
72,Deming,US,2022-01-30 01:05:24,32.2687,-107.7586,49.24,29,0,5.75
73,Namatanai,PG,2022-01-30 01:05:25,-3.6667,152.4333,83.44,73,100,5.17
74,Esso,RU,2022-01-30 01:05:25,55.9333,158.7,22.75,87,100,3.44
75,Mocuba,MZ,2022-01-30 01:05:25,-16.8392,36.9856,70.39,98,15,2.86
76,Pakokku,MM,2022-01-30 01:05:26,21.3333,95.1,61.11,61,0,2.42
77,Ribeira Grande,PT,2022-01-30 01:05:26,38.5167,-28.7,58.68,75,98,4.65
78,Praia,CV,2022-01-30 01:03:14,14.9215,-23.5087,70.34,68,75,16.11
79,Omboue,GA,2022-01-30 01:05:27,-1.5746,9.2618,77.95,90,100,5.28
80,Gornopravdinsk,RU,2022-01-30 01:05:27,60.05,69.9,7.11,95,100,5.03
81,Puerto El Triunfo,SV,2022-01-30 01:05:27,13.2833,-88.55,78.96,67,52,6.08
82,Tasiilaq,GL,2022-01-30 01:05:28,65.6145,-37.6368,17.76,75,100,7.56
83,Semey,KZ,2022-01-30 01:05:28,50.4111,80.2275,14.22,90,100,16.33
84,Tres Arroyos,AR,2022-01-30 01:04:56,-38.3739,-60.2798,75.4,53,50,19.13
85,Yellowknife,CA,2022-01-30 01:00:56,62.456,-114.3525,-18.9,93,62,6.44
86,Antalaha,MG,2022-01-30 01:05:29,-14.9003,50.2788,71.71,89,100,5.28
87,Brigantine,US,2022-01-30 01:05:29,39.4101,-74.3646,21.25,61,0,20.71
88,Khatanga,RU,2022-01-30 01:05:29,71.9667,102.5,-6.61,97,97,8.03
89,Saint-Pierre,RE,2022-01-30 01:05:30,-21.3393,55.4781,76.68,73,15,6.91
90,Longyearbyen,SJ,2022-01-30 01:02:00,78.2186,15.6401,6.64,66,0,17.27
91,Bengkulu,ID,2022-01-30 01:06:30,-3.8004,102.2655,77.97,87,100,3.8
92,Lashio,MM,2022-01-30 01:06:30,22.9333,97.75,46.83,78,0,0.58
93,Vila Franca Do Campo,PT,2022-01-30 01:03:18,37.7167,-25.4333,57.61,72,82,9.93
94,Grindavik,IS,2022-01-30 01:06:31,63.8424,-22.4338,36.07,75,75,13.8
95,Airai,TL,2022-01-30 01:06:31,-8.9266,125.4092,66.16,80,100,4.38
96,Oranjestad,AW,2022-01-30 01:06:32,12.524,-70.027,78.3,77,21,13.02
97,Taoudenni,ML,2022-01-30 01:06:32,22.6783,-3.9836,72.5,12,100,13.09
98,Butaritari,KI,2022-01-30 01:06:32,3.0707,172.7902,82.56,72,78,18.01
99,Hithadhoo,MV,2022-01-30 01:06:03,-0.6,73.0833,80.76,68,78,2.55
100,Blythe,US,2022-01-30 01:06:33,33.6103,-114.5964,66.65,8,0,11.5
101,Turukhansk,RU,2022-01-30 01:06:33,65.8167,87.9833,1.27,96,100,9.1
102,College,US,2022-01-30 01:06:33,64.8569,-147.8028,-6.14,73,20,0.0
103,Spokoynaya,RU,2022-01-30 01:06:34,44.2468,41.4015,19.67,82,25,5.46
104,Meiganga,CM,2022-01-30 01:06:34,6.5167,14.3,64.2,23,100,7.07
105,Nuevitas,CU,2022-01-30 01:06:34,21.5453,-77.2644,65.64,71,100,15.28
106,Atuona,PF,2022-01-30 01:06:35,-9.8,-139.0333,77.77,79,22,12.01
107,La Ronge,CA,2022-01-30 01:02:49,55.1001,-105.2842,-4.9,100,99,3.33
108,Viedma,AR,2022-01-30 01:06:35,-40.8135,-62.9967,78.01,51,11,9.31
109,Soubre,CI,2022-01-30 01:06:36,5.7856,-6.6083,72.28,91,59,1.77
110,Darnah,LY,2022-01-30 01:03:29,32.767,22.6367,52.45,83,100,35.68
111,Teguldet,RU,2022-01-30 01:06:36,57.3064,88.1667,-3.73,100,85,2.64
112,Anaco,VE,2022-01-30 01:06:36,9.4389,-64.4728,72.23,78,9,1.88
113,Hualmay,PE,2022-01-30 01:05:27,-11.0964,-77.6139,70.27,83,35,9.46
114,Bredasdorp,ZA,2022-01-30 01:06:37,-34.5322,20.0403,65.28,84,5,5.26
115,San-Pedro,CI,2022-01-30 01:06:37,4.7485,-6.6363,77.85,90,48,2.13
116,Saint-Philippe,RE,2022-01-30 01:06:37,-21.3585,55.7679,76.59,83,75,10.29
117,Binghamton,US,2022-01-30 01:03:34,42.0987,-75.918,9.93,77,75,7.0
118,Bardsir,IR,2022-01-30 01:06:38,29.9227,56.5743,42.87,64,28,14.32
119,Constitucion,CL,2022-01-30 01:01:53,-35.3333,-72.4167,58.39,93,45,8.39
120,Oksfjord,NO,2022-01-30 01:06:38,70.2396,22.3479,25.72,85,71,3.76
121,Hobart,AU,2022-01-30 01:06:39,-42.8794,147.3294,77.02,52,20,1.01
122,Muros,ES,2022-01-30 01:05:36,42.7762,-9.0603,51.84,80,11,4.74
123,Baiao,BR,2022-01-30 01:06:39,-2.7906,-49.6717,71.74,99,100,2.3
124,San Policarpo,PH,2022-01-30 01:06:40,12.1791,125.5072,80.04,84,10,4.65
125,Verkhnechusovskiye Gorodki,RU,2022-01-30 01:06:40,58.1671,57.1086,1.15,97,100,3.13
126,Huambo,AO,2022-01-30 01:06:40,-12.7761,15.7392,59.52,98,100,3.24
127,Chitapur,IN,2022-01-30 01:06:41,17.1167,77.0833,61.57,28,95,4.72
128,Flin Flon,CA,2022-01-30 01:05:07,54.7682,-101.865,-7.4,100,77,1.95
129,Mahebourg,MU,2022-01-30 01:06:41,-20.4081,57.7,76.24,74,100,12.26
130,Tuatapere,NZ,2022-01-30 01:06:41,-46.1333,167.6833,61.56,83,100,4.76
131,Ponta Do Sol,PT,2022-01-30 01:04:18,32.6667,-17.1,63.23,40,15,6.02
132,Mana,GF,2022-01-30 01:06:42,5.6592,-53.7767,75.85,86,6,7.14
133,Lavrentiya,RU,2022-01-30 01:06:42,65.5833,-171.0,-2.2,86,3,3.51
134,Guasdualito,VE,2022-01-30 01:06:42,7.2424,-70.7324,81.81,44,6,4.52
135,Igrim,RU,2022-01-30 01:06:43,63.1906,64.4162,1.65,95,100,5.1
136,Byron Bay,AU,2022-01-30 01:06:43,-28.65,153.6167,86.05,82,94,10.07
137,Tiarei,PF,2022-01-30 01:07:43,-17.5333,-149.3333,82.0,75,71,9.6
138,Brewster,US,2022-01-30 01:04:20,41.3973,-73.6171,18.55,58,100,3.0
139,Liverpool,GB,2022-01-30 01:07:30,53.4106,-2.9779,44.74,78,100,5.99
140,Avarua,CK,2022-01-30 01:06:59,-21.2078,-159.775,84.25,79,20,11.5
141,Yulara,AU,2022-01-30 01:07:44,-25.2406,130.9889,78.64,83,100,13.8
142,Alofi,NU,2022-01-30 01:04:17,-19.0595,-169.9187,81.84,71,100,7.9
143,Lebu,CL,2022-01-30 01:07:44,-37.6167,-73.65,58.41,88,0,9.04
144,San Patricio,US,2022-01-30 01:07:45,28.017,-97.5169,55.83,46,17,10.09
145,Kanniyakumari,IN,2022-01-30 01:07:45,8.0833,77.5667,77.52,80,45,17.18
146,Satellite Beach,US,2022-01-30 01:07:45,28.1761,-80.5901,46.0,55,0,5.99
147,Port Hardy,CA,2022-01-30 01:04:03,50.6996,-127.4199,47.75,94,100,18.07
148,Vangaindrano,MG,2022-01-30 01:07:46,-23.35,47.6,73.04,85,0,5.06
149,Atbasar,KZ,2022-01-30 01:07:46,51.8,68.3333,18.03,94,100,11.34
150,Castro,BR,2022-01-30 01:07:47,-24.7911,-50.0119,59.86,99,100,6.51
151,Bathsheba,BB,2022-01-30 01:07:47,13.2167,-59.5167,76.57,76,8,16.37
152,Severo-Kurilsk,RU,2022-01-30 01:07:47,50.6789,156.125,24.85,84,100,16.73
153,Marsa Matruh,EG,2022-01-30 01:07:47,31.3525,27.2453,52.83,57,99,20.15
154,Dosso,NE,2022-01-30 01:07:48,13.049,3.1937,69.17,14,50,14.07
155,Cidreira,BR,2022-01-30 01:07:48,-30.1811,-50.2056,71.58,65,12,11.41
156,Nanortalik,GL,2022-01-30 01:07:49,60.1432,-45.2371,20.68,69,100,27.87
157,Smithers,CA,2022-01-30 01:07:49,54.7804,-127.1743,37.72,87,75,3.44
158,Kimberley,ZA,2022-01-30 01:07:49,-28.7323,24.7623,70.79,60,1,12.44
159,Torbay,CA,2022-01-30 01:03:18,47.6666,-52.7314,39.58,96,100,31.07
160,Eirunepe,BR,2022-01-30 01:07:50,-6.6603,-69.8736,76.91,84,100,0.76
161,Arlit,NE,2022-01-30 01:07:50,18.7369,7.3853,61.45,16,1,7.36
162,Novyy Urengoy,RU,2022-01-30 01:07:50,66.0833,76.6333,-7.53,96,97,8.7
163,Pombal,BR,2022-01-30 01:07:51,-6.7703,-37.8017,72.43,89,100,2.91
164,Brae,GB,2022-01-30 01:07:51,60.3964,-1.353,39.11,61,78,28.68
165,Deputatskiy,RU,2022-01-30 01:07:51,69.3,139.9,-19.79,96,99,2.15
166,Codrington,AU,2022-01-30 01:07:52,-38.2667,141.9667,71.76,74,100,8.05
167,Kaniama,CD,2022-01-30 01:07:52,-7.5667,24.1833,65.93,96,100,1.23
168,Clarksville,US,2022-01-30 01:06:12,36.5298,-87.3595,32.18,42,0,4.61
169,Ulladulla,AU,2022-01-30 01:07:53,-35.35,150.4667,82.87,64,57,8.05
170,Malanje,AO,2022-01-30 01:07:53,-9.5402,16.341,63.77,98,100,4.07
171,Tecoanapa,MX,2022-01-30 01:05:54,16.5167,-98.75,79.95,74,0,7.11
172,Honiara,SB,2022-01-30 01:07:53,-9.4333,159.95,85.89,68,100,5.37
173,Bogorodskoye,RU,2022-01-30 01:07:54,56.55,37.8833,6.82,99,97,4.74
174,Bilma,NE,2022-01-30 01:07:54,18.6853,12.9164,56.32,21,0,12.57
175,Koslan,RU,2022-01-30 01:07:54,63.4564,48.8989,14.56,94,100,6.55
176,Hami,CN,2022-01-30 01:07:55,42.8,93.45,19.99,42,4,3.87
177,Tual,ID,2022-01-30 01:07:55,-5.6667,132.75,83.73,73,100,15.88
178,Roald,NO,2022-01-30 01:07:55,62.5833,6.1333,42.33,70,40,26.46
179,Sistranda,NO,2022-01-30 01:07:56,63.7256,8.834,40.96,88,88,40.35
180,Srednekolymsk,RU,2022-01-30 01:07:56,67.45,153.6833,-25.04,100,60,4.03
181,Mount Gambier,AU,2022-01-30 01:06:52,-37.8333,140.7667,69.71,73,100,8.05
182,Minggang,CN,2022-01-30 01:07:56,32.4586,114.0486,34.45,67,1,2.33
183,Ponazyrevo,RU,2022-01-30 01:07:57,58.3578,46.3142,10.63,97,94,4.5
184,Vestmannaeyjar,IS,2022-01-30 01:07:57,63.4427,-20.2734,41.0,65,100,18.72
185,Crotone,IT,2022-01-30 01:08:57,39.0851,17.1178,46.74,58,6,19.69
186,Puerto Colombia,CO,2022-01-30 01:08:58,10.9878,-74.9547,78.89,77,27,19.01
187,Shenzhen,CN,2022-01-30 01:08:58,22.5455,114.0683,56.07,88,40,10.67
188,Smoljan,ME,2022-01-30 01:08:58,43.0924,19.2286,12.24,65,24,0.65
189,Abalak,RU,2022-01-30 01:08:59,58.1286,68.5944,8.82,90,100,6.06
190,Yelizovo,RU,2022-01-30 01:08:59,53.1873,158.3805,26.74,79,75,4.0
191,Honggang,CN,2022-01-30 01:08:59,46.4667,124.8667,2.19,83,5,5.99
192,Bubaque,GW,2022-01-30 01:09:00,11.2833,-15.8333,78.62,66,55,14.34
193,Fairbanks,US,2022-01-30 01:06:41,64.8378,-147.7164,-13.0,74,0,0.0
194,Victoria,HK,2022-01-30 01:05:49,22.2855,114.1577,56.17,80,51,3.0
195,Sobolevo,RU,2022-01-30 01:09:00,54.4299,31.8996,23.05,92,100,17.54
196,Geraldton,AU,2022-01-30 01:09:01,-28.7667,114.6,82.81,54,0,12.66
197,Kampot,KH,2022-01-30 01:09:01,10.6167,104.1833,77.05,73,41,2.21
198,Kalmunai,LK,2022-01-30 01:09:01,7.4167,81.8167,75.79,87,23,1.95
199,Bodrum,TR,2022-01-30 01:08:25,37.0383,27.4292,49.48,76,100,17.09
200,Selaru,RO,2022-01-30 01:09:02,44.4667,25.3,27.68,73,49,10.54
201,Ballina,AU,2022-01-30 01:09:02,-28.8667,153.5667,82.58,78,82,10.71
202,Kislovodsk,RU,2022-01-30 01:09:03,43.9133,42.7208,17.24,70,15,7.94
203,Chongqing,CN,2022-01-30 01:05:09,29.5628,106.5528,47.23,79,57,1.99
204,Yerbogachen,RU,2022-01-30 01:06:01,61.2767,108.0108,-10.57,99,100,3.18
205,North Platte,US,2022-01-30 01:09:03,41.1239,-100.7654,48.38,26,0,1.01
206,Caraballeda,VE,2022-01-30 01:09:04,10.6112,-66.8522,82.47,69,20,0.0
207,Dunedin,NZ,2022-01-30 01:09:04,-45.8742,170.5036,58.03,92,100,4.65
208,Rondonopolis,BR,2022-01-30 01:04:46,-16.4708,-54.6356,72.84,98,100,2.66
209,Belaya Gora,RU,2022-01-30 01:09:04,68.5333,146.4167,-18.63,100,93,2.55
210,Salobrena,ES,2022-01-30 01:09:05,36.7428,-3.5872,59.02,27,0,9.69
211,Nantucket,US,2022-01-30 01:06:28,41.2835,-70.0995,21.31,86,100,24.16
212,Bonthe,SL,2022-01-30 01:09:05,7.5264,-12.505,77.02,84,91,2.08
213,Maldonado,UY,2022-01-30 01:09:06,-34.6667,-54.9167,69.19,77,3,9.26
214,Comodoro Rivadavia,AR,2022-01-30 01:06:44,-45.8667,-67.5,69.66,37,0,29.93
215,Norman Wells,CA,2022-01-30 01:09:06,65.282,-126.8329,-22.34,98,100,2.06
216,Provideniya,RU,2022-01-30 01:09:06,64.3833,-173.3,4.86,86,24,4.0
217,Dekar,BW,2022-01-30 01:09:07,-21.5333,21.9333,70.75,74,88,12.41
218,Banda Aceh,ID,2022-01-30 01:09:07,5.5577,95.3222,80.15,75,71,5.53
219,Sitka,US,2022-01-30 01:09:07,57.0531,-135.33,37.29,65,100,10.36
220,Santa Maria,BR,2022-01-30 01:06:14,-29.6842,-53.8069,69.46,58,0,10.22
221,Beloha,MG,2022-01-30 01:06:29,-25.1667,45.05,71.74,88,13,10.07
222,Orshanka,RU,2022-01-30 01:09:08,56.9161,47.8933,13.6,95,99,7.02
223,Beringovskiy,RU,2022-01-30 01:09:08,63.05,179.3167,-8.99,99,75,3.0
224,Thurles,IE,2022-01-30 01:09:09,52.6819,-7.8022,35.92,90,58,3.06
225,Nechi,CO,2022-01-30 01:09:09,8.0942,-74.7757,73.35,94,68,1.05
226,Puro,PH,2022-01-30 01:09:09,12.4841,123.3827,82.08,73,9,4.07
227,Khani,GE,2022-01-30 01:09:10,41.9563,42.9566,24.37,79,88,6.89
228,Eureka,US,2022-01-30 01:05:02,40.8021,-124.1637,56.17,79,2,1.01
229,Nelson Bay,AU,2022-01-30 01:09:10,-32.7167,152.15,84.29,67,56,8.14
230,Nakamura,JP,2022-01-30 01:09:10,32.9833,132.9333,44.29,60,100,3.31
231,Letnyaya Stavka,RU,2022-01-30 01:10:11,45.4306,43.4472,32.95,87,93,11.18
232,Belyy Yar,RU,2022-01-30 01:10:11,53.6039,91.3903,-18.51,87,75,0.0
233,Leninskoye,KZ,2022-01-30 01:10:12,41.7589,69.3864,31.93,67,2,3.89
234,Sao Joao Da Barra,BR,2022-01-30 01:09:46,-21.6403,-41.0511,75.88,92,100,6.42
235,Coihaique,CL,2022-01-30 01:07:02,-45.5752,-72.0662,50.61,93,100,1.14
236,Samarai,PG,2022-01-30 01:10:12,-10.6167,150.6667,81.59,73,100,5.66
237,Manggar,ID,2022-01-30 01:10:13,-2.8833,108.2667,80.71,75,100,4.88
238,Tuensang,IN,2022-01-30 01:10:13,26.2833,94.8333,46.96,95,90,1.19
239,Pevek,RU,2022-01-30 01:10:14,69.7008,170.3133,-17.3,99,100,3.71
240,Qaanaaq,GL,2022-01-30 01:10:14,77.484,-69.3632,3.94,90,100,11.12
241,Kaitangata,NZ,2022-01-30 01:09:04,-46.2817,169.8464,56.28,96,100,5.35
242,Cape Town,ZA,2022-01-30 01:08:58,-33.9258,18.4232,68.11,70,0,4.0
243,Xining,CN,2022-01-30 01:10:15,36.6167,101.7667,9.5,66,40,2.06
244,Oskarshamn,SE,2022-01-30 01:10:15,57.2645,16.4484,40.77,56,90,25.34
245,Pacific Grove,US,2022-01-30 01:10:15,36.6177,-121.9166,63.01,62,0,3.0
246,Zhigansk,RU,2022-01-30 01:10:16,66.7697,123.3711,-33.25,100,96,3.53
247,Luba,GQ,2022-01-30 01:10:16,3.4568,8.5547,80.8,76,100,2.93
248,Portree,GB,2022-01-30 01:09:14,57.4129,-6.1942,42.85,91,84,4.43
249,San Rafael,AR,2022-01-30 01:07:01,-34.6177,-68.3301,77.54,44,27,8.37
250,Kenai,US,2022-01-30 01:10:17,60.5544,-151.2583,28.09,87,100,8.05
251,Champerico,GT,2022-01-30 01:10:17,14.3,-91.9167,78.76,71,79,5.14
252,Medgidia,RO,2022-01-30 01:10:17,44.25,28.2833,29.7,80,94,12.03
253,Isangel,VU,2022-01-30 01:10:18,-19.55,169.2667,80.82,85,100,13.82
254,Ambulu,ID,2022-01-30 01:10:18,-8.345,113.6058,80.19,84,100,2.35
255,Mgandu,TZ,2022-01-30 01:10:19,-5.95,34.1333,61.05,95,100,2.26
256,Petropavlovsk-Kamchatskiy,RU,2022-01-30 01:10:19,53.0452,158.6483,25.39,74,75,2.24
257,Talas,TR,2022-01-30 01:10:20,38.6908,35.5538,7.47,78,75,4.61
258,Pisco,PE,2022-01-30 01:10:20,-13.7,-76.2167,69.85,78,0,14.97
259,Peniche,PT,2022-01-30 01:10:21,39.3558,-9.3811,56.68,47,8,8.66
260,Zhangye,CN,2022-01-30 01:10:21,38.9342,100.4517,13.69,53,8,1.7
261,Sturgis,US,2022-01-30 01:07:06,41.7992,-85.4192,17.08,67,100,4.61
262,Torit,SS,2022-01-30 01:10:21,4.4133,32.5678,75.38,34,21,0.85
263,Ixtapa,MX,2022-01-30 01:10:22,20.7,-105.2,75.22,78,0,6.91
264,Sao Francisco Do Sul,BR,2022-01-30 01:10:22,-26.2433,-48.6381,71.1,90,100,3.36
265,Mashivka,UA,2022-01-30 01:10:23,49.4431,34.8669,25.25,94,100,10.69
266,Hobyo,SO,2022-01-30 01:10:23,5.3505,48.5268,75.09,74,77,18.03
267,Dese,ET,2022-01-30 01:10:23,11.1333,39.6333,48.33,74,65,0.45
268,Posse,BR,2022-01-30 01:10:24,-14.0931,-46.3694,66.58,93,100,4.59
269,La Romana,DO,2022-01-30 01:10:24,18.4273,-68.9728,78.53,94,20,0.0
270,Khor,RU,2022-01-30 01:10:25,47.8861,134.9464,-15.12,95,44,3.44
271,Saint-Augustin,CA,2022-01-30 01:05:50,51.226,-58.6502,9.03,94,100,25.1
272,Kulhudhuffushi,MV,2022-01-30 01:10:25,6.6221,73.07,82.13,73,81,16.42
273,San Carlos De Bariloche,AR,2022-01-30 01:10:26,-41.1456,-71.3082,60.55,48,40,20.71
274,Tubmanburg,LR,2022-01-30 01:10:26,6.8708,-10.8172,73.8,95,72,1.92
275,Itaituba,BR,2022-01-30 01:10:26,-4.2761,-55.9836,71.38,100,100,1.19
276,Carutapera,BR,2022-01-30 01:10:27,-1.195,-46.02,74.89,88,100,5.75
277,Bahile,PH,2022-01-30 01:11:27,9.9995,118.7878,81.41,78,7,0.69
278,Guerrero Negro,MX,2022-01-30 01:11:28,27.9769,-114.0611,64.24,41,2,13.15
279,Vanimo,PG,2022-01-30 01:11:28,-2.6741,141.3028,80.26,80,100,9.48
280,Qaqortoq,GL,2022-01-30 01:11:28,60.7167,-46.0333,12.7,91,100,15.05
281,Zhongshu,CN,2022-01-30 01:11:29,24.5167,103.7667,38.52,93,98,2.64
282,Aksay,RU,2022-01-30 01:11:29,47.26,39.87,34.02,98,86,13.0
283,Muisne,EC,2022-01-30 01:11:29,0.6,-80.0333,75.74,86,97,1.36
284,Tonk,IN,2022-01-30 01:11:30,26.1667,75.7833,53.15,34,0,5.01
285,Bilibino,RU,2022-01-30 01:11:30,68.0546,166.4372,-0.98,88,100,2.57
286,Amahai,ID,2022-01-30 01:11:30,-3.3333,128.9167,85.05,65,100,4.65
287,Pitimbu,BR,2022-01-30 01:11:31,-7.4706,-34.8086,77.59,81,86,7.38
288,Pesqueira,BR,2022-01-30 01:11:31,-8.3578,-36.6964,67.08,87,100,4.34
289,Mossendjo,CG,2022-01-30 01:11:31,-2.9506,12.7261,70.14,99,96,2.82
290,Wajima,JP,2022-01-30 01:11:32,37.4,136.9,36.07,61,100,13.24
291,Iqaluit,CA,2022-01-30 01:11:32,63.7506,-68.5145,-16.78,90,100,6.87
292,Aklavik,CA,2022-01-30 01:11:32,68.2191,-135.0107,-21.19,92,100,4.32
293,Boa Vista,BR,2022-01-30 01:11:33,2.8197,-60.6733,82.38,54,20,10.36
294,Salalah,OM,2022-01-30 01:11:33,17.0151,54.0924,68.09,68,0,2.3
295,Bograd,RU,2022-01-30 01:11:33,54.2344,90.8328,-20.45,95,29,3.78
296,Dunmore Town,BS,2022-01-30 01:11:34,25.5,-76.65,61.99,62,100,24.96
297,Hasaki,JP,2022-01-30 01:11:34,35.7333,140.8333,43.29,53,42,18.05
298,Cherskiy,RU,2022-01-30 01:11:34,68.75,161.3,-25.6,99,100,1.95
299,Ewa Beach,US,2022-01-30 01:11:01,21.3156,-158.0072,80.1,57,40,15.01
300,Ganta,LR,2022-01-30 01:11:35,7.3022,-8.5308,66.27,42,84,2.1
301,San Matias,BO,2022-01-30 01:11:11,-16.3667,-58.4,73.29,97,100,2.71
302,Daru,PG,2022-01-30 01:11:35,-9.0763,143.2092,79.63,81,100,9.8
303,Nam Phong,TH,2022-01-30 01:11:35,16.7023,102.8557,77.74,42,23,3.0
304,Scarborough,GB,2022-01-30 01:11:36,54.2797,-0.4044,40.53,80,7,3.0
305,Saurimo,AO,2022-01-30 01:11:36,-9.6608,20.3916,62.8,96,100,3.96
306,Mongoumba,CF,2022-01-30 01:11:18,3.6415,18.5936,69.64,31,10,3.44
307,Chechat,IN,2022-01-30 01:11:36,24.7667,75.8833,55.33,40,0,3.49
308,Margate,GB,2022-01-30 01:11:37,51.3813,1.3862,44.31,74,7,8.01
309,Aguimes,ES,2022-01-30 01:11:37,27.9054,-15.4461,58.66,51,0,8.05
310,Aykhal,RU,2022-01-30 01:11:37,66.0,111.5,-20.24,100,5,5.53
311,Dmytrivka,UA,2022-01-30 01:11:38,45.9717,28.9864,27.79,78,86,9.86
312,Great Yarmouth,GB,2022-01-30 01:11:38,52.6083,1.7305,41.22,74,9,17.09
313,Antofagasta,CL,2022-01-30 01:11:38,-23.65,-70.4,65.48,85,43,4.65
314,Reconquista,AR,2022-01-30 01:08:05,-29.15,-59.65,73.76,41,0,6.64
315,San Jose,US,2022-01-30 01:08:40,37.3394,-121.895,63.39,51,20,3.0
316,Nouadhibou,MR,2022-01-30 01:11:39,20.931,-17.0347,63.01,80,100,19.39
317,Kachkanar,RU,2022-01-30 01:11:39,58.7,59.4948,-1.73,100,100,0.98
318,Praya,CV,2022-01-30 01:11:40,14.9215,-23.5087,70.34,68,75,16.11
319,San Fernando,PH,2022-01-30 01:11:40,15.0286,120.6898,83.14,66,16,4.61
320,Eggenfelden,DE,2022-01-30 01:11:41,48.4054,12.7626,44.82,84,98,20.85
321,Obo,CF,2022-01-30 01:11:41,5.3998,26.4869,64.51,25,29,4.63
322,Belmonte,BR,2022-01-30 01:11:41,-15.8631,-38.8828,77.5,82,70,10.54
323,Clyde River,CA,2022-01-30 01:10:07,70.4692,-68.5914,-7.37,71,100,5.75
324,Lompoc,US,2022-01-30 01:12:42,34.6391,-120.4579,65.12,59,0,5.75
325,Belonia,IN,2022-01-30 01:12:42,23.2528,91.4514,50.22,68,0,2.89
326,Juarez,MX,2022-01-30 01:09:19,31.7333,-106.4833,54.41,29,0,0.0
327,Kutum,SD,2022-01-30 01:12:42,14.2,24.6667,50.7,21,9,8.14
328,Katsuura,JP,2022-01-30 01:12:43,35.1333,140.3,47.19,57,92,16.69
329,Kavaratti,IN,2022-01-30 01:09:43,10.5669,72.642,80.82,71,92,8.39
330,Sadove,UA,2022-01-30 01:12:43,46.2487,30.1795,19.36,85,88,12.41
331,Bull Savanna,JM,2022-01-30 01:12:43,17.8868,-77.5902,72.52,80,15,8.55
332,Metro,ID,2022-01-30 01:12:44,-5.1131,105.3067,78.31,83,100,3.02
333,Ankazoabo,MG,2022-01-30 01:12:44,-22.2833,44.5167,69.53,78,0,4.61
334,Mutsu,JP,2022-01-30 01:12:44,41.2894,141.2169,24.01,86,75,3.44
335,Lorengau,PG,2022-01-30 01:12:45,-2.0226,147.2712,84.6,71,31,7.54
336,Port Hedland,AU,2022-01-30 01:12:45,-20.3167,118.5667,89.65,58,87,19.57
337,Takoradi,GH,2022-01-30 01:12:45,4.8845,-1.7554,78.69,89,38,3.44
338,Havoysund,NO,2022-01-30 01:12:46,70.9963,24.6622,25.68,80,100,22.86
339,Veraval,IN,2022-01-30 01:12:46,20.9,70.3667,65.75,35,0,8.14
340,Phan Thiet,VN,2022-01-30 01:12:46,10.9333,108.1,77.58,75,46,3.78
341,Paamiut,GL,2022-01-30 01:12:47,61.994,-49.6678,14.14,69,100,15.28
342,Samarinda,ID,2022-01-30 01:10:51,-0.5,117.15,80.91,75,100,1.77
343,Siguiri,GN,2022-01-30 01:12:47,11.6667,-9.5,75.16,19,92,3.87
344,Xai-Xai,MZ,2022-01-30 01:12:47,-25.0519,33.6442,74.48,88,100,5.32
345,Nynashamn,SE,2022-01-30 01:12:48,58.9034,17.9479,36.23,96,100,24.29
346,Sao Jose Da Coroa Grande,BR,2022-01-30 01:12:48,-8.8978,-35.1478,76.15,81,98,4.18
347,Lamu,KE,2022-01-30 01:12:48,-2.2717,40.902,77.22,90,100,9.04
348,Marystown,CA,2022-01-30 01:12:49,47.1666,-55.1483,42.85,100,100,15.99
349,Cesme,TR,2022-01-30 01:12:49,38.3228,26.3064,35.31,63,100,13.44
350,Baruun-Urt,MN,2022-01-30 01:12:49,46.6806,113.2792,-6.54,84,82,4.47
351,Pangody,RU,2022-01-30 01:12:50,65.85,74.4859,-5.22,95,98,8.72
352,Jaleswar,NP,2022-01-30 01:12:50,26.6471,85.8008,48.87,75,0,4.27
353,Rio Gallegos,AR,2022-01-30 01:10:55,-51.6226,-69.2181,48.25,93,75,9.22
354,Anito,PH,2022-01-30 01:12:50,12.4497,125.2886,81.84,77,12,4.7
355,Inverell,AU,2022-01-30 01:12:51,-29.7833,151.1167,86.67,54,85,4.0
356,Gravdal,NO,2022-01-30 01:12:51,68.1214,13.5031,24.69,100,20,2.3
357,Raga,SS,2022-01-30 01:12:51,8.4596,25.678,62.71,20,43,4.65
358,Zilupe,LV,2022-01-30 01:12:52,56.3862,28.1217,30.07,95,100,17.56
359,Mayo,US,2022-01-30 01:12:52,38.8876,-76.5119,24.13,43,0,13.0
360,Lensk,RU,2022-01-30 01:12:52,60.7253,114.9278,-7.87,98,98,6.17
361,Funtua,NG,2022-01-30 01:08:15,11.5233,7.3081,59.09,15,100,12.19
362,Ostrovnoy,RU,2022-01-30 01:12:53,68.0531,39.5131,16.61,89,100,12.37
363,Tayshet,RU,2022-01-30 01:12:53,55.9342,98.0044,-12.64,99,82,2.53
364,Kruisfontein,ZA,2022-01-30 01:12:53,-34.0033,24.7314,58.89,91,3,4.36
365,Aksarka,RU,2022-01-30 01:12:54,66.5606,67.7975,-18.11,100,98,6.51
366,Ponta Delgada,PT,2022-01-30 01:12:54,37.7333,-25.6667,57.92,72,20,2.3
367,Richmond,US,2022-01-30 01:10:56,37.5538,-77.4603,26.65,38,0,5.99
368,Imeni Babushkina,RU,2022-01-30 01:12:55,59.7573,43.1285,5.63,99,89,4.29
369,Esperance,AU,2022-01-30 01:11:07,-33.8667,121.9,77.54,49,2,9.01
370,Ornskoldsvik,SE,2022-01-30 01:12:55,63.2909,18.7153,28.22,100,100,16.11
371,Talnakh,RU,2022-01-30 01:12:55,69.4865,88.3972,-2.79,96,100,9.04
372,Rawson,AR,2022-01-30 01:10:49,-43.3002,-65.1023,79.29,32,70,11.25
373,Damavand,IR,2022-01-30 01:13:56,35.7178,52.065,24.64,51,0,8.1
374,Valparaiso,CL,2022-01-30 01:13:56,-33.0393,-71.6273,67.48,73,0,5.75
375,Gangarampur,IN,2022-01-30 01:13:56,25.4,88.5167,51.85,62,0,4.54
376,Aksu,CN,2022-01-30 01:13:57,41.1231,80.2644,24.3,50,73,5.14
377,Opuwo,NA,2022-01-30 01:13:57,-18.0607,13.84,66.4,48,100,5.64
378,Naze,JP,2022-01-30 01:13:57,28.3667,129.4833,57.79,77,99,12.93
379,Progreso,MX,2022-01-30 01:13:58,21.2833,-89.6667,67.1,60,100,14.41
380,Urumqi,CN,2022-01-30 01:13:58,43.801,87.6005,-6.65,84,75,2.24
381,Artesia,US,2022-01-30 01:13:58,33.8658,-118.0831,68.02,27,75,1.01
382,Zaporizhzhya,UA,2022-01-30 01:13:59,47.8167,35.1833,30.87,80,75,13.42
383,Sao Filipe,CV,2022-01-30 01:13:59,14.8961,-24.4956,70.63,73,31,11.48
384,Goderich,CA,2022-01-30 01:13:59,43.7501,-81.7165,14.92,93,100,7.9
385,Khorixas,NA,2022-01-30 01:14:00,-20.3667,14.9667,67.93,58,100,4.38
386,Linxia,CN,2022-01-30 01:11:32,35.6003,103.2064,9.36,89,91,2.91
387,Fort Saint James,CA,2022-01-30 01:14:00,54.4333,-124.25,26.47,97,94,4.18
388,Marienburg,PL,2022-01-30 01:14:00,54.0359,19.0266,43.84,71,100,31.47
389,Kabalo,CD,2022-01-30 01:14:01,-6.05,26.9167,69.64,95,100,2.17
390,Lata,PT,2022-01-30 01:13:43,40.1629,-8.3327,47.05,51,0,5.37
391,Pangnirtung,CA,2022-01-30 01:14:01,66.1451,-65.7125,-19.44,99,100,3.0
392,Diego De Almagro,CL,2022-01-30 01:14:01,-26.3667,-70.05,62.46,59,0,3.94
393,Yangambi,CD,2022-01-30 01:14:02,0.8102,24.4336,67.87,47,0,1.43
394,Meulaboh,ID,2022-01-30 01:14:02,4.1363,96.1285,76.55,90,39,5.12
395,Stoumont,BE,2022-01-30 01:14:02,50.4091,5.8087,43.34,100,98,11.65
396,Caravelas,BR,2022-01-30 01:13:20,-17.7125,-39.2481,78.58,82,12,10.67
397,Katherine,AU,2022-01-30 01:14:03,-14.4667,132.2667,84.52,70,100,16.11
398,Krasnoselkup,RU,2022-01-30 01:14:03,65.7,82.4667,-14.1,99,99,8.3
399,Kahului,US,2022-01-30 01:10:13,20.8947,-156.47,84.22,54,20,9.22
400,Saint-Francois,FR,2022-01-30 01:14:04,46.4154,3.9054,38.68,100,100,3.44
401,Pierre,US,2022-01-30 01:12:37,44.3683,-100.351,39.85,45,0,9.22
402,Thunder Bay,CA,2022-01-30 01:14:04,48.4001,-89.3168,18.55,87,100,2.3
403,Numan,NG,2022-01-30 01:14:05,9.4667,12.0333,66.31,27,57,5.23
404,Baykit,RU,2022-01-30 01:14:05,61.67,96.37,-11.43,100,100,1.66
405,Liuzhou,CN,2022-01-30 01:14:05,24.3126,109.3892,40.44,74,6,10.38
406,Snezhnogorsk,RU,2022-01-30 01:14:05,69.1933,33.2531,-7.85,100,97,2.46
407,Mitsamiouli,KM,2022-01-30 01:14:06,-11.3847,43.2844,80.49,72,8,1.05
408,Dingle,PH,2022-01-30 01:14:06,10.9995,122.6711,81.54,77,3,2.91
409,Jasper,US,2022-01-30 01:14:06,37.2001,-94.3502,47.64,51,0,8.05
410,Thinadhoo,MV,2022-01-30 01:14:07,0.5333,72.9333,81.23,72,99,5.06
411,Woodward,US,2022-01-30 01:14:07,36.4337,-99.3904,54.52,21,0,0.0
412,San Angelo,US,2022-01-30 01:11:49,31.4638,-100.437,53.64,27,0,0.0
413,Dumai,ID,2022-01-30 01:14:08,1.6833,101.45,78.12,83,40,0.2
414,Kousseri,CM,2022-01-30 01:14:08,12.0769,15.0306,64.38,15,24,12.01
415,Korla,CN,2022-01-30 01:14:08,41.7597,86.1469,23.14,55,100,8.25
416,Cayenne,GF,2022-01-30 01:12:04,4.9333,-52.3333,79.09,85,20,0.0
417,Evensk,RU,2022-01-30 01:14:09,61.95,159.2333,20.17,79,100,8.93
418,Verkhoyansk,RU,2022-01-30 01:14:09,67.5447,133.385,-30.77,100,100,1.3
419,Menongue,AO,2022-01-30 01:14:09,-14.6585,17.691,63.19,97,100,9.57
420,Freeport,US,2022-01-30 01:11:53,40.6576,-73.5832,20.52,62,100,8.01
421,Neryungri,RU,2022-01-30 01:15:10,56.6709,124.6491,-8.32,94,99,8.63
422,Necochea,AR,2022-01-30 01:15:10,-38.5473,-58.7368,75.04,60,0,17.72
423,Cururupu,BR,2022-01-30 01:15:10,-1.8283,-44.8683,72.16,97,99,2.1
424,Palmares,BR,2022-01-30 01:15:11,-8.6833,-35.5917,72.01,83,91,1.61
425,Ludvika,SE,2022-01-30 01:15:11,60.1496,15.1878,33.6,96,100,16.58
426,Shatrovo,RU,2022-01-30 01:15:11,56.5167,64.6333,7.05,95,100,2.82
427,Khandagayty,RU,2022-01-30 01:15:12,50.7333,92.05,-18.31,97,100,3.18
428,Nosy Varika,MG,2022-01-30 01:15:12,-20.5833,48.5333,75.15,83,6,2.42
429,Hamilton,US,2022-01-30 01:11:37,39.1834,-84.5333,23.36,67,75,1.99
430,Oranjemund,NA,2022-01-30 01:15:13,-28.55,16.4333,65.21,86,78,7.25
431,Bandar-E Lengeh,IR,2022-01-30 01:15:13,26.5579,54.8807,67.73,59,0,10.18
432,Sao Raimundo Das Mangabeiras,BR,2022-01-30 01:15:13,-7.0219,-45.4811,69.44,84,25,2.82
433,Wiang Sa,TH,2022-01-30 01:15:14,8.6359,99.3666,80.22,80,15,2.01
434,Kisesa,TZ,2022-01-30 01:15:14,-3.0833,34.15,65.1,86,100,2.46
435,Buala,SB,2022-01-30 01:14:56,-8.145,159.5921,86.45,66,99,7.87
436,Loralai,PK,2022-01-30 01:15:14,30.3705,68.598,44.47,45,9,1.7
437,Vao,NC,2022-01-30 01:15:15,-22.6667,167.4833,79.72,87,15,20.22
438,Acapulco,MX,2022-01-30 01:15:15,16.8634,-99.8901,80.42,78,20,6.91
439,Coffs Harbour,AU,2022-01-30 01:15:16,-30.3,153.1333,83.14,69,40,11.5
440,Palmer,US,2022-01-30 01:10:30,42.1584,-72.3287,14.61,76,100,3.0
441,Boguchany,RU,2022-01-30 01:15:16,58.3814,97.4531,0.14,99,100,2.19
442,Portland,US,2022-01-30 01:12:31,45.5234,-122.6762,50.29,61,75,3.0
443,Cabo San Lucas,MX,2022-01-30 01:10:43,22.8909,-109.9124,76.51,46,20,4.0
444,Imeni Poliny Osipenko,RU,2022-01-30 01:15:17,52.4201,136.4853,-9.38,96,100,6.53
445,Wagar,SD,2022-01-30 01:15:17,16.1525,36.2032,63.72,67,0,12.5
446,North Bend,US,2022-01-30 01:15:17,43.4065,-124.2243,52.16,88,0,4.61
447,Sault Sainte Marie,CA,2022-01-30 01:15:18,46.5168,-84.3333,16.9,76,100,6.91
448,Fethiye,TR,2022-01-30 01:15:18,36.6217,29.1164,44.47,61,100,5.39
449,Christchurch,NZ,2022-01-30 01:12:24,-43.5333,172.6333,75.99,46,86,5.01
450,Fort Nelson,CA,2022-01-30 01:15:18,58.8053,-122.7002,4.59,85,100,4.61
451,Matai,TZ,2022-01-30 01:15:19,-8.3,31.5167,56.98,93,100,2.73
452,Altamira,BR,2022-01-30 01:15:19,-3.2033,-52.2064,70.52,99,100,3.02
453,Kachug,RU,2022-01-30 01:15:19,53.9606,105.8817,-21.73,100,100,0.74
454,Cozumel,MX,2022-01-30 01:10:22,20.5083,-86.9458,69.94,65,40,11.01
455,Rockland,US,2022-01-30 01:15:20,41.1668,-74.0496,18.25,51,100,1.01
456,Doha,QA,2022-01-30 01:14:08,25.2867,51.5333,60.69,72,0,11.5
457,Udachnyy,RU,2022-01-30 01:15:20,66.4167,112.4,-26.03,100,43,3.29
458,Buta,CD,2022-01-30 01:15:21,2.7858,24.73,65.52,37,2,1.52
459,Berdigestyakh,RU,2022-01-30 01:15:21,62.0989,126.6992,-21.82,100,100,2.42
460,Faya,SA,2022-01-30 01:15:21,18.3851,42.4509,52.32,83,4,5.32
461,Brora,GB,2022-01-30 01:15:22,58.0099,-3.8518,41.43,68,22,9.48
462,Kununurra,AU,2022-01-30 01:15:22,-15.7667,128.7333,85.98,74,100,13.8
463,Vila,PT,2022-01-30 01:11:25,42.0304,-8.1588,40.93,48,43,4.59
464,Tabriz,IR,2022-01-30 01:15:22,38.08,46.2919,17.06,79,0,6.91
465,Kangaatsiaq,GL,2022-01-30 01:15:23,68.3065,-53.4641,5.38,77,100,22.66
466,San Ramon,US,2022-01-30 01:15:23,37.7799,-121.978,61.95,53,0,1.01
467,Ancud,CL,2022-01-30 01:16:23,-41.8697,-73.8203,56.73,90,100,11.39
468,Gorno-Altaysk,RU,2022-01-30 01:16:24,51.9561,85.955,1.27,88,36,5.48
469,Sinnar,SD,2022-01-30 01:16:24,13.5691,33.5672,66.94,22,3,12.75
470,Nizhniy Kuranakh,RU,2022-01-30 01:16:24,58.8353,125.4869,-7.6,98,100,4.29
471,Mbandaka,CD,2022-01-30 01:16:25,0.0487,18.2603,72.34,42,19,2.06
472,Cockburn Town,TC,2022-01-30 01:16:25,21.4612,-71.1419,76.96,73,40,11.5
473,Awjilah,LY,2022-01-30 01:16:25,29.1081,21.2869,53.6,50,100,15.9
474,Ust-Kuyga,RU,2022-01-30 01:16:26,70.0167,135.6,-33.61,100,98,7.09
475,Porechye-Rybnoye,RU,2022-01-30 01:16:26,57.098,39.3835,19.31,99,99,4.47
476,Ola,RU,2022-01-30 01:16:26,59.5833,151.2833,16.84,78,100,11.61
477,Bonfim,BR,2022-01-30 01:16:27,3.0833,-59.95,82.78,47,71,9.15
478,San Andres,CO,2022-01-30 01:16:27,12.5847,-81.7006,80.62,65,20,11.5
479,Myitkyina,MM,2022-01-30 01:16:27,25.3833,97.4,52.07,71,52,2.01
480,Chiang Khong,TH,2022-01-30 01:16:28,20.2613,100.4046,59.81,77,0,0.27
481,Ilhabela,BR,2022-01-30 01:16:28,-23.7781,-45.3581,73.53,96,100,1.61
482,Oga,IT,2022-01-30 01:16:29,46.4631,10.347,40.28,70,5,6.6
483,Teknaf,BD,2022-01-30 01:16:29,20.8624,92.3058,55.6,71,0,6.8
484,Poso,ID,2022-01-30 01:16:30,-1.3959,120.7524,83.39,66,100,0.83
485,Poltavka,RU,2022-01-30 01:16:30,54.3663,71.7632,-4.74,94,100,7.14
486,Port Lincoln,AU,2022-01-30 01:16:30,-34.7333,135.8667,70.88,73,9,13.89
487,Rio Grande City,US,2022-01-30 01:16:31,26.3798,-98.8203,57.11,34,7,7.85
488,Sri Aman,MY,2022-01-30 01:16:31,1.2376,111.4621,80.65,89,40,0.0
489,Gondanglegi,ID,2022-01-30 01:16:31,-7.7479,112.0132,81.34,80,88,4.56
490,Vila Velha,BR,2022-01-30 01:11:41,-20.3297,-40.2925,80.55,86,20,5.01
491,Kapit,MY,2022-01-30 01:16:32,2.0167,112.9333,78.64,88,92,1.57
492,Qasigiannguit,GL,2022-01-30 01:16:32,68.8193,-51.1922,12.45,94,100,8.77
493,Poum,NC,2022-01-30 01:16:33,-20.2333,164.0167,81.84,76,99,9.04
494,Silver City,US,2022-01-30 01:16:33,32.7701,-108.2803,43.68,37,0,3.0
495,Maun,BW,2022-01-30 01:16:19,-19.9833,23.4167,67.08,92,100,4.85
496,Iquique,CL,2022-01-30 01:16:01,-20.2208,-70.1431,69.84,80,55,2.46
497,Katangli,RU,2022-01-30 01:16:34,51.7102,143.2326,-5.1,80,98,4.76
498,Sainte-Anne-Des-Monts,CA,2022-01-30 01:16:34,49.124,-66.4924,12.07,92,100,33.38
499,Lebane,RS,2022-01-30 01:16:34,42.9239,21.7375,23.59,90,17,3.6
500,High Level,CA,2022-01-30 01:15:17,58.5169,-117.136,14.11,92,100,6.91
501,Dasoguz,TM,2022-01-30 01:16:35,41.8363,59.9666,19.51,100,8,6.91
502,Wawa,NG,2022-01-30 01:16:35,9.9022,4.4192,73.42,23,94,5.1
503,Richards Bay,ZA,2022-01-30 01:16:36,-28.783,32.0377,69.22,87,5,0.87
504,Cairns,AU,2022-01-30 01:16:36,-16.9167,145.7667,90.95,87,100,10.36
505,Mehamn,NO,2022-01-30 01:16:36,71.0357,27.8492,17.04,82,78,3.29
506,Ust-Maya,RU,2022-01-30 01:16:37,60.4167,134.5333,-26.28,96,84,0.07
507,Nicoya,CR,2022-01-30 01:16:37,10.1483,-85.452,78.35,68,18,12.08
508,Chapais,CA,2022-01-30 01:16:37,49.7834,-74.8492,-22.22,99,6,2.59
509,Merrydale,US,2022-01-30 01:16:38,30.5013,-91.1084,46.33,55,0,0.0
510,Petukhovo,RU,2022-01-30 01:16:38,55.0692,67.9019,2.73,92,100,6.69
511,Bone,DE,2022-01-30 01:16:39,51.9669,12.1396,45.28,76,91,31.43
512,Bilozerka,UA,2022-01-30 01:16:39,46.6248,32.4425,29.77,75,14,10.38
513,Iquitos,PE,2022-01-30 01:17:39,-3.7481,-73.2472,75.24,88,0,0.0
514,Tezu,IN,2022-01-30 01:15:00,27.9167,96.1667,50.05,50,0,3.47
515,Lodja,CD,2022-01-30 01:17:40,-3.4833,23.4333,71.47,80,100,0.36
516,Alcaniz,ES,2022-01-30 01:17:40,41.05,-0.1333,45.75,49,0,3.02
517,Ingham,US,2022-01-30 01:17:40,42.6,-84.3833,17.24,61,40,3.44
518,Atlantic City,US,2022-01-30 01:16:11,39.3643,-74.4229,21.24,67,0,20.71
519,Sorland,NO,2022-01-30 01:17:41,67.667,12.6934,24.87,60,100,24.23
520,Sibolga,ID,2022-01-30 01:17:41,1.7427,98.7792,77.02,87,37,1.34
521,Garowe,SO,2022-01-30 01:15:59,8.4054,48.4845,63.95,74,18,10.98
522,Manta,EC,2022-01-30 01:13:40,-0.95,-80.7333,75.74,87,100,6.38
523,Luderitz,NA,2022-01-30 01:17:42,-26.6481,15.1594,68.07,76,32,5.1
524,Maniitsoq,GL,2022-01-30 01:17:42,65.4167,-52.9,8.67,75,100,26.37
525,Suleja,NG,2022-01-30 01:17:42,9.1758,7.1808,72.59,15,95,10.85
526,Egvekinot,RU,2022-01-30 01:17:43,66.3167,-179.1667,-4.86,70,10,1.28
527,Dogondoutchi,NE,2022-01-30 01:17:43,13.6393,4.0287,67.06,13,1,12.15
528,Leningradskiy,RU,2022-01-30 01:17:43,69.3833,178.4167,-10.43,91,51,4.76
529,Saravan,AM,2022-01-30 01:17:44,39.7196,45.6483,11.05,90,95,6.11
530,Zhanakorgan,KZ,2022-01-30 01:17:44,43.9098,67.2495,23.92,88,6,5.23
531,Bertoua,CM,2022-01-30 01:17:44,4.5833,13.6833,67.12,31,56,5.55
532,Port Augusta,AU,2022-01-30 01:17:45,-32.5,137.7667,94.71,31,16,5.39
533,America Dourada,BR,2022-01-30 01:17:45,-11.4553,-41.4361,68.29,91,93,1.88
534,Broome,US,2022-01-30 01:17:39,42.2506,-75.833,10.02,77,75,5.99
535,Ca Mau,VN,2022-01-30 01:17:45,9.1769,105.15,79.47,70,71,3.98
536,Sur,OM,2022-01-30 01:17:46,22.5667,59.5289,69.85,51,5,2.53
537,Colesberg,ZA,2022-01-30 01:17:46,-30.72,25.0972,69.71,27,84,6.51
538,Kamenka,RU,2022-01-30 01:17:46,51.3223,42.7678,31.75,98,100,7.74
539,Asau,RO,2022-01-30 01:17:47,46.4333,26.4,34.39,66,100,10.49
540,Maningrida,AU,2022-01-30 01:17:47,-12.0667,134.2667,81.86,78,100,15.37
541,Port Macquarie,AU,2022-01-30 01:17:47,-31.4333,152.9167,81.9,62,22,7.18
542,Narsaq,GL,2022-01-30 01:17:48,60.9167,-46.05,12.42,94,100,12.17
543,Chernyshevskiy,RU,2022-01-30 01:17:48,63.0128,112.4714,-24.34,100,17,3.27
544,Husavik,IS,2022-01-30 01:15:07,66.0449,-17.3389,33.71,80,100,17.29
545,Labuhan,ID,2022-01-30 01:17:48,-6.8844,112.2051,81.64,77,96,5.57
546,Karwar,IN,2022-01-30 01:17:49,14.8,74.1333,72.37,54,24,6.82
547,Mahibadhoo,MV,2022-01-30 01:17:49,3.7833,72.9667,81.57,69,26,10.71
548,Amreli,IN,2022-01-30 01:17:49,21.6167,71.2333,60.39,28,0,5.3
549,Para De Minas,BR,2022-01-30 01:17:50,-19.8603,-44.6083,69.84,88,100,0.27
550,Fukue,JP,2022-01-30 01:17:26,32.6881,128.8419,48.56,46,75,9.22
551,Puerto Quijarro,BO,2022-01-30 01:17:50,-17.7833,-57.7667,73.33,98,99,2.1
552,Freetown,SL,2022-01-30 01:17:50,8.484,-13.2299,77.47,78,46,2.57
553,Elban,RU,2022-01-30 01:17:51,50.1018,136.5094,-15.68,97,96,3.4
554,Ambilobe,MG,2022-01-30 01:17:51,-13.2,49.05,74.26,92,99,1.57
555,Eydhafushi,MV,2022-01-30 01:17:51,5.1033,73.0708,82.22,67,86,15.19
556,Umm Kaddadah,SD,2022-01-30 01:17:52,13.6017,26.6876,55.22,21,0,15.86
557,Namie,JP,2022-01-30 01:17:52,37.4833,141.0,40.96,54,100,13.85
558,Enshi,CN,2022-01-30 01:17:53,30.3,109.4833,37.53,87,100,2.13
559,Lobez,PL,2022-01-30 01:17:53,53.6392,15.6213,42.51,80,99,29.33
560,Touros,BR,2022-01-30 01:16:19,-5.1989,-35.4608,76.1,82,98,10.71
561,Axim,GH,2022-01-30 01:18:54,4.8699,-2.2405,78.85,89,28,3.27
562,Los Llanos De Aridane,ES,2022-01-30 01:18:54,28.6585,-17.9182,58.75,75,100,10.0
563,Girne,CY,2022-01-30 01:18:54,35.3417,33.3167,53.29,75,100,6.31
564,Elat,IL,2022-01-30 01:18:55,29.5581,34.9482,48.04,61,0,6.91
565,Hay River,CA,2022-01-30 01:14:05,60.8156,-115.7999,-4.04,77,100,8.05
566,Alice Springs,AU,2022-01-30 01:18:55,-23.7,133.8833,76.55,88,100,17.27
567,Saint John,CA,2022-01-30 01:18:45,45.2727,-66.0677,22.23,87,100,24.16
568,Darhan,MN,2022-01-30 01:18:56,49.4867,105.9228,-16.06,99,69,2.64
569,Okha,RU,2022-01-30 01:18:56,53.5739,142.9478,-5.73,91,75,10.2
570,Naliya,IN,2022-01-30 01:18:56,23.2667,68.8333,61.9,83,0,5.06
571,Kisiwani,TZ,2022-01-30 01:18:56,-4.1333,37.95,69.84,93,100,2.35
572,Ulaangom,MN,2022-01-30 01:18:57,49.9811,92.0667,-24.38,90,94,3.47
573,Saint George,US,2022-01-30 01:17:17,37.1041,-113.5841,53.64,17,0,1.01
574,Lagdo,CM,2022-01-30 01:18:57,9.05,13.7333,66.52,19,26,1.43
575,Villeneuve-Sur-Lot,FR,2022-01-30 01:18:58,44.5,0.6667,36.82,96,7,5.06
576,Taltal,CL,2022-01-30 01:18:58,-25.4,-70.4833,66.36,77,7,3.87
577,Havelock,US,2022-01-30 01:18:58,34.8791,-76.9013,31.95,61,0,5.01
578,Phuket,TH,2022-01-30 01:16:20,8.0,98.25,86.09,83,20,2.3
579,Prince Rupert,CA,2022-01-30 01:18:11,54.3161,-130.3201,41.09,93,100,2.3
580,Ouallam,NE,2022-01-30 01:18:59,14.3188,2.0866,67.62,14,6,12.12
581,Mpongwe,ZM,2022-01-30 01:18:59,-13.5091,28.155,63.41,99,100,3.09
582,Kuybysheve,UA,2022-01-30 01:19:00,47.358,36.6491,26.04,91,96,12.86
583,Jiangyou,CN,2022-01-30 01:19:00,31.7667,104.7167,39.49,93,100,2.86
584,Chumikan,RU,2022-01-30 01:19:00,54.7183,135.315,0.32,86,100,21.18
585,Bambanglipuro,ID,2022-01-30 01:19:01,-7.95,110.2833,80.62,79,100,3.31
586,Brownwood,US,2022-01-30 01:19:01,31.7093,-98.9912,55.17,27,0,4.61
587,Piploda,IN,2022-01-30 01:19:01,23.35,75.4333,53.96,35,0,0.76
588,Buzmeyin,TM,2022-01-30 01:19:02,38.0507,58.2056,29.93,93,2,4.61
589,Borborema,BR,2022-01-30 01:19:02,-21.6197,-49.0736,71.35,92,100,5.91
590,Macia,MZ,2022-01-30 01:19:02,-25.0269,33.0989,73.62,92,100,2.75
591,Liaozhong,CN,2022-01-30 01:19:03,41.5061,122.7242,12.69,43,0,2.68
592,Carmaux,FR,2022-01-30 01:19:03,44.051,2.158,34.32,84,3,0.87
593,Dalby,AU,2022-01-30 01:19:04,-27.1833,151.2667,84.0,45,96,9.82
594,Sungaipenuh,ID,2022-01-30 01:19:04,-2.0833,101.3833,68.54,90,100,1.16
595,Santa Isabel Do Rio Negro,BR,2022-01-30 01:19:04,-0.4139,-65.0192,75.09,93,100,2.53
596,Kasrawad,IN,2022-01-30 01:19:05,22.1333,75.6,54.61,31,0,2.28
597,Swift Current,CA,2022-01-30 01:19:05,50.2834,-107.8014,23.81,74,0,10.36
598,Matehuala,MX,2022-01-30 01:18:20,23.65,-100.65,51.8,66,0,7.61
599,Baturaja,ID,2022-01-30 01:19:05,-4.1333,104.1667,76.19,93,100,1.19
600,Hambantota,LK,2022-01-30 01:15:37,6.1241,81.1185,76.95,84,10,7.47
601,Trifesti,RO,2022-01-30 01:19:06,47.45,27.5167,31.06,64,100,6.76
602,Pucara,PE,2022-01-30 01:19:06,-15.9803,-71.4606,28.53,52,100,6.35
603,Yenagoa,NG,2022-01-30 01:15:30,4.9247,6.2642,73.06,75,100,0.4
604,Moerai,PF,2022-01-30 01:19:07,-22.4333,-151.3333,79.84,75,6,8.19
605,Kirby,US,2022-01-30 01:19:07,29.4633,-98.3856,58.41,30,20,1.01
606,Batagay,RU,2022-01-30 01:19:07,67.6333,134.6333,-30.6,98,100,2.15
607,Douentza,ML,2022-01-30 01:19:08,14.9951,-2.9517,69.96,15,6,7.07
