City_ID,City,Country,Date,Lat,Lng,Max Temp,Humidity,Cloudiness,Wind Speed,Current Description
0,Saint-Philippe,RE,2022-01-30 21:41:34,-21.3585,55.7679,78.39,82,46,11.36,scattered clouds
1,Kodiak,US,2022-01-30 21:40:13,57.79,-152.4072,26.11,68,0,12.66,clear sky
2,Busselton,AU,2022-01-30 21:40:14,-33.65,115.3333,63.09,64,90,18.16,overcast clouds
3,Cayenne,GF,2022-01-30 21:41:35,4.9333,-52.3333,78.84,88,75,1.99,broken clouds
4,Upernavik,GL,2022-01-30 21:41:30,72.7868,-56.1549,-3.71,87,100,6.26,overcast clouds
5,Khandyga,RU,2022-01-30 21:41:35,62.6667,135.6,-39.64,100,77,1.28,broken clouds
6,Mirabad,AF,2022-01-30 21:41:36,30.4362,61.8383,52.72,45,20,7.11,few clouds
7,Narsaq,GL,2022-01-30 21:37:12,60.9167,-46.05,23.22,72,100,17.52,snow
8,Orvieto,IT,2022-01-30 21:41:36,42.7195,12.1116,46.29,84,0,0.96,clear sky
9,Dalmau,IN,2022-01-30 21:41:36,26.0667,81.0333,53.01,64,0,1.1,clear sky
10,Jamestown,US,2022-01-30 21:38:28,42.097,-79.2353,20.52,44,100,4.61,overcast clouds
11,Hithadhoo,MV,2022-01-30 21:41:22,-0.6,73.0833,81.55,70,86,9.4,overcast clouds
12,Barrow,US,2022-01-30 21:41:37,71.2906,-156.7887,-7.58,71,100,9.22,light snow
13,Tlacotepec,MX,2022-01-30 21:41:38,20.0667,-97.8667,62.4,70,42,6.17,scattered clouds
14,Sisimiut,GL,2022-01-30 21:41:38,66.9395,-53.6735,4.46,82,100,17.2,overcast clouds
15,Nuevo Casas Grandes,MX,2022-01-30 21:41:38,30.4167,-107.9167,60.44,23,3,23.94,clear sky
16,New Norfolk,AU,2022-01-30 21:41:39,-42.7826,147.0587,66.76,77,4,2.37,clear sky
17,Chapais,CA,2022-01-30 21:41:39,49.7834,-74.8492,1.18,90,100,7.67,overcast clouds
18,Det Udom,TH,2022-01-30 21:41:39,14.906,105.0784,75.02,82,65,8.63,broken clouds
19,Butaritari,KI,2022-01-30 21:39:47,3.0707,172.7902,82.04,76,17,20.92,light rain
20,Mataura,NZ,2022-01-30 21:38:27,-46.1927,168.8643,67.48,68,48,0.47,scattered clouds
21,Ayagoz,KZ,2022-01-30 21:41:40,47.9714,80.4392,14.83,98,99,3.53,overcast clouds
22,Rikitea,PF,2022-01-30 21:41:40,-23.1203,-134.9692,76.55,69,100,4.16,overcast clouds
23,Ayan,RU,2022-01-30 21:41:41,56.45,138.1667,1.17,69,100,16.11,overcast clouds
24,Yellowknife,CA,2022-01-30 21:41:07,62.456,-114.3525,-6.59,90,100,1.01,light snow
25,Najran,SA,2022-01-30 21:41:41,17.4924,44.1277,61.45,30,15,1.81,few clouds
26,Clyde River,CA,2022-01-30 21:41:41,70.4692,-68.5914,-25.37,68,100,5.75,overcast clouds
27,Kapaa,US,2022-01-30 21:41:42,22.0752,-159.319,80.58,69,0,1.01,clear sky
28,Kaili,ID,2022-01-30 21:41:42,-3.4626,120.2147,67.5,73,100,3.6,overcast clouds
29,Vaini,TO,2022-01-30 21:41:42,-21.2,-175.2,80.15,77,100,12.71,light rain
30,Koumac,NC,2022-01-30 21:41:43,-20.5667,164.2833,80.8,73,98,4.74,overcast clouds
31,Salalah,OM,2022-01-30 21:39:41,17.0151,54.0924,69.89,73,0,3.44,clear sky
32,Ushuaia,AR,2022-01-30 21:38:24,-54.8,-68.3,47.86,61,75,33.38,broken clouds
33,Tasiilaq,GL,2022-01-30 21:41:43,65.6145,-37.6368,6.96,50,96,12.75,overcast clouds
34,Siirt,TR,2022-01-30 21:39:50,37.9326,41.9403,28.81,81,79,4.52,broken clouds
35,Dikson,RU,2022-01-30 21:38:34,73.5069,80.5464,-3.62,93,100,21.07,overcast clouds
36,Fare,PF,2022-01-30 21:41:44,-16.7,-151.0167,80.46,72,22,10.09,few clouds
37,Buta,CD,2022-01-30 21:41:44,2.7858,24.73,69.1,38,98,1.36,overcast clouds
38,Lasa,IT,2022-01-30 21:41:45,46.6166,10.7002,44.51,46,13,6.78,few clouds
39,Carnarvon,AU,2022-01-30 21:41:45,-24.8667,113.6333,78.87,73,57,16.11,broken clouds
40,Punta Arenas,CL,2022-01-30 21:41:45,-53.15,-70.9167,53.71,47,40,32.21,scattered clouds
41,Luderitz,NA,2022-01-30 21:41:14,-26.6481,15.1594,64.98,87,75,8.39,broken clouds
42,Lompoc,US,2022-01-30 21:41:46,34.6391,-120.4579,74.7,34,0,14.97,clear sky
43,Severo-Kurilsk,RU,2022-01-30 21:37:24,50.6789,156.125,27.75,95,100,11.05,snow
44,Miyako,JP,2022-01-30 21:42:46,39.6367,141.9525,24.6,63,84,6.96,broken clouds
45,Kihei,US,2022-01-30 21:42:46,20.785,-156.4656,82.42,58,0,14.97,clear sky
46,La Ronge,CA,2022-01-30 21:39:57,55.1001,-105.2842,12.45,79,100,8.05,overcast clouds
47,Thompson,CA,2022-01-30 21:42:47,55.7435,-97.8558,6.96,72,20,6.91,few clouds
48,Ponta Delgada,PT,2022-01-30 21:42:47,37.7333,-25.6667,59.72,77,40,19.57,scattered clouds
49,Finnsnes,NO,2022-01-30 21:42:47,69.2296,17.9811,22.96,93,91,3.4,light snow
50,Padang,ID,2022-01-30 21:42:42,-0.9492,100.3543,77.02,89,100,3.96,moderate rain
51,Georgetown,MY,2022-01-30 21:42:48,5.4112,100.3354,81.9,89,20,1.99,few clouds
52,Progreso,MX,2022-01-30 21:41:18,21.2833,-89.6667,78.91,54,1,12.26,clear sky
53,Atuona,PF,2022-01-30 21:42:34,-9.8,-139.0333,78.08,77,11,13.69,light rain
54,Atbasar,KZ,2022-01-30 21:42:49,51.8,68.3333,13.24,94,99,13.71,overcast clouds
55,Albany,US,2022-01-30 21:42:49,42.6001,-73.9662,19.35,40,11,5.01,few clouds
56,Madison,US,2022-01-30 21:42:49,34.7334,-86.5667,59.88,32,0,11.01,clear sky
57,Nanortalik,GL,2022-01-30 21:42:50,60.1432,-45.2371,16.25,88,100,21.97,snow
58,Hermanus,ZA,2022-01-30 21:39:38,-34.4187,19.2345,69.8,86,97,12.95,overcast clouds
59,Tazmalt,DZ,2022-01-30 21:42:50,36.3868,4.3989,48.7,47,0,4.18,clear sky
60,Bambous Virieux,MU,2022-01-30 21:38:20,-20.3428,57.7575,79.05,94,75,12.66,light rain
61,Puerto Ayora,EC,2022-01-30 21:39:20,-0.7393,-90.3518,85.96,73,100,8.79,overcast clouds
62,Benton Harbor,US,2022-01-30 21:38:20,42.1167,-86.4542,30.94,71,100,4.61,overcast clouds
63,Berezanka,UA,2022-01-30 21:42:51,46.8526,31.388,30.96,85,6,9.28,clear sky
64,Kharan,PK,2022-01-30 21:42:51,28.5833,65.4167,59.02,38,0,6.24,clear sky
65,Cape Town,ZA,2022-01-30 21:40:56,-33.9258,18.4232,68.11,79,0,4.0,clear sky
66,Esperance,AU,2022-01-30 21:42:51,-33.8667,121.9,64.24,78,45,13.06,scattered clouds
67,Tianpeng,CN,2022-01-30 21:42:52,30.9866,103.9393,36.07,79,86,3.18,overcast clouds
68,Bluff,NZ,2022-01-30 21:42:52,-46.6,168.3333,67.8,85,93,4.43,overcast clouds
69,Saskylakh,RU,2022-01-30 21:42:52,71.9167,114.0833,-19.66,100,99,2.37,overcast clouds
70,Sulangan,PH,2022-01-30 21:42:53,11.1373,123.7228,81.39,76,70,6.31,broken clouds
71,Lagoa,PT,2022-01-30 21:42:53,39.05,-27.9833,58.53,70,50,26.51,scattered clouds
72,Mahebourg,MU,2022-01-30 21:42:53,-20.4081,57.7,79.09,94,75,12.66,broken clouds
73,Tocopilla,CL,2022-01-30 21:42:54,-22.092,-70.1979,68.9,67,1,5.79,clear sky
74,Arraial Do Cabo,BR,2022-01-30 21:42:39,-22.9661,-42.0278,78.66,89,75,8.05,broken clouds
75,Souillac,MU,2022-01-30 21:42:54,-20.5167,57.5167,79.18,94,75,12.66,light rain
76,Batagay-Alyta,RU,2022-01-30 21:42:54,67.8006,130.4114,-21.98,95,70,2.55,broken clouds
77,Hilo,US,2022-01-30 21:40:18,19.7297,-155.09,78.53,54,20,9.22,few clouds
78,Marzuq,YE,2022-01-30 21:42:55,14.4,46.4667,60.44,82,4,5.53,clear sky
79,Cidreira,BR,2022-01-30 21:39:52,-30.1811,-50.2056,73.87,70,6,18.28,clear sky
80,Pangkalanbuun,ID,2022-01-30 21:42:55,-2.6833,111.6167,74.3,91,100,2.39,overcast clouds
81,Worland,US,2022-01-30 21:42:56,44.0169,-107.9554,51.15,50,0,1.01,clear sky
82,Airai,TL,2022-01-30 21:42:56,-8.9266,125.4092,60.91,90,82,4.03,broken clouds
83,Meulaboh,ID,2022-01-30 21:42:56,4.1363,96.1285,76.55,86,86,3.22,overcast clouds
84,Avarua,CK,2022-01-30 21:42:57,-21.2078,-159.775,73.45,94,75,6.91,light rain
85,Menongue,AO,2022-01-30 21:42:57,-14.6585,17.691,62.2,87,100,2.84,overcast clouds
86,Sitka,US,2022-01-30 21:38:36,57.0531,-135.33,37.29,75,75,0.0,broken clouds
87,Jalu,LY,2022-01-30 21:42:57,29.0331,21.5482,54.41,57,73,15.52,broken clouds
88,Mar Del Plata,AR,2022-01-30 21:42:25,-38.0023,-57.5575,66.22,90,75,17.0,thunderstorm with rain
89,Castro,BR,2022-01-30 21:38:33,-24.7911,-50.0119,63.91,97,98,8.19,overcast clouds
90,Bengkulu,ID,2022-01-30 21:42:58,-3.8004,102.2655,75.72,89,100,3.8,moderate rain
91,Effingham,US,2022-01-30 21:43:58,32.3669,-81.3332,59.18,29,0,11.34,clear sky
92,Namibe,AO,2022-01-30 21:43:59,-15.1961,12.1522,73.26,71,100,5.23,overcast clouds
93,Tazovskiy,RU,2022-01-30 21:43:59,67.4667,78.7,-10.93,99,100,8.48,overcast clouds
94,Qaqortoq,GL,2022-01-30 21:43:59,60.7167,-46.0333,23.5,63,100,16.82,snow
95,Alofi,NU,2022-01-30 21:44:00,-19.0595,-169.9187,71.49,100,100,9.22,overcast clouds
96,Urumqi,CN,2022-01-30 21:44:00,43.801,87.6005,-3.05,85,75,2.24,mist
97,Mabaruma,GY,2022-01-30 21:44:00,8.2,-59.7833,76.46,77,39,5.95,scattered clouds
98,Pevek,RU,2022-01-30 21:42:14,69.7008,170.3133,-13.88,96,99,1.99,overcast clouds
99,Torbay,CA,2022-01-30 21:42:36,47.6666,-52.7314,40.39,82,100,23.02,overcast clouds
100,Sampit,ID,2022-01-30 21:44:01,-2.5333,112.95,72.21,90,100,1.83,overcast clouds
101,Boca Do Acre,BR,2022-01-30 21:41:23,-8.7522,-67.3978,79.29,91,95,1.05,overcast clouds
102,Kaitangata,NZ,2022-01-30 21:44:01,-46.2817,169.8464,68.94,70,16,0.29,few clouds
103,Port Alfred,ZA,2022-01-30 21:40:55,-33.5906,26.891,73.78,88,97,17.18,overcast clouds
104,Qaanaaq,GL,2022-01-30 21:43:47,77.484,-69.3632,-8.9,69,100,5.48,overcast clouds
105,Noumea,NC,2022-01-30 21:44:02,-22.2763,166.4572,84.18,99,100,9.55,overcast clouds
106,Sanming,CN,2022-01-30 21:44:02,26.2486,117.6186,38.46,93,47,2.1,scattered clouds
107,Bull Savanna,JM,2022-01-30 21:44:02,17.8868,-77.5902,71.92,76,65,10.51,broken clouds
108,Isangel,VU,2022-01-30 21:44:03,-19.55,169.2667,78.91,94,100,13.8,overcast clouds
109,Hay River,CA,2022-01-30 21:44:03,60.8156,-115.7999,-7.62,77,100,8.05,light snow
110,Weifang,CN,2022-01-30 21:44:03,36.71,119.1019,33.57,69,27,12.53,scattered clouds
111,Novyy Urengoy,RU,2022-01-30 21:44:04,66.0833,76.6333,-12.42,100,96,6.49,overcast clouds
112,Ulaanbaatar,MN,2022-01-30 21:39:27,47.9077,106.8832,-20.07,69,0,4.47,clear sky
113,Ribeira Grande,PT,2022-01-30 21:44:04,38.5167,-28.7,59.4,63,40,19.57,scattered clouds
114,Port Elizabeth,ZA,2022-01-30 21:44:05,-33.918,25.5701,72.1,94,20,12.66,few clouds
115,Tawau,MY,2022-01-30 21:44:05,4.2498,117.8871,73.53,100,100,1.99,overcast clouds
116,Victoria,HK,2022-01-30 21:39:56,22.2855,114.1577,59.32,77,86,1.01,overcast clouds
117,Bonavista,CA,2022-01-30 21:44:05,48.6499,-53.1147,40.12,69,100,36.55,overcast clouds
118,Muisne,EC,2022-01-30 21:44:06,0.6,-80.0333,82.51,80,100,4.76,light rain
119,Mezen,RU,2022-01-30 21:44:06,65.8522,44.24,9.66,96,100,6.04,overcast clouds
120,Appenzell,CH,2022-01-30 21:44:06,47.331,9.41,32.76,83,37,5.01,scattered clouds
121,Sao Joao Da Barra,BR,2022-01-30 21:44:07,-21.6403,-41.0511,84.29,89,9,9.26,clear sky
122,Bredasdorp,ZA,2022-01-30 21:42:35,-34.5322,20.0403,69.28,83,85,10.36,overcast clouds
123,Coquimbo,CL,2022-01-30 21:44:07,-29.9533,-71.3436,67.73,72,0,12.66,clear sky
124,Roma,US,2022-01-30 21:44:07,43.2128,-75.4557,20.03,39,20,6.91,few clouds
125,Cherskiy,RU,2022-01-30 21:44:08,68.75,161.3,-27.58,99,98,1.05,overcast clouds
126,Chokurdakh,RU,2022-01-30 21:44:08,70.6333,147.9167,-29.99,93,16,2.8,few clouds
127,Saint Anthony,US,2022-01-30 21:44:08,45.0205,-93.218,24.73,64,0,1.01,clear sky
128,Ostrovnoy,RU,2022-01-30 21:44:09,68.0531,39.5131,12.16,95,98,8.23,overcast clouds
129,Estelle,US,2022-01-30 21:44:09,29.8458,-90.1067,66.99,40,20,17.27,few clouds
130,San Jose,US,2022-01-30 21:43:35,37.3394,-121.895,67.01,51,20,5.01,haze
131,Galveston,US,2022-01-30 21:44:10,29.3669,-94.9669,72.14,53,0,5.99,clear sky
132,Longyearbyen,SJ,2022-01-30 21:40:11,78.2186,15.6401,8.44,61,0,19.57,clear sky
133,Nichinan,JP,2022-01-30 21:44:10,31.6,131.3667,38.35,80,1,6.22,clear sky
134,Provideniya,RU,2022-01-30 21:44:10,64.3833,-173.3,12.31,73,0,17.9,clear sky
135,Dunedin,NZ,2022-01-30 21:44:10,-45.8742,170.5036,66.79,71,0,11.01,clear sky
136,Umm Kaddadah,SD,2022-01-30 21:44:11,13.6017,26.6876,57.42,17,0,14.43,clear sky
137,Vaitape,PF,2022-01-30 21:45:11,-16.5167,-151.75,80.64,72,12,9.06,few clouds
138,Bosaso,SO,2022-01-30 21:45:12,11.2842,49.1816,73.54,72,81,3.58,broken clouds
139,Ballina,AU,2022-01-30 21:45:12,-28.8667,153.5667,75.38,92,75,9.22,broken clouds
140,Hobart,AU,2022-01-30 21:45:02,-42.8794,147.3294,67.12,83,75,6.91,broken clouds
141,Zhangye,CN,2022-01-30 21:45:12,38.9342,100.4517,15.85,41,75,1.81,broken clouds
142,Ambatofinandrahana,MG,2022-01-30 21:45:13,-20.55,46.8,59.59,95,13,4.07,few clouds
143,Chuy,UY,2022-01-30 21:41:23,-33.6971,-53.4616,73.56,68,20,14.29,few clouds
144,Miastko,PL,2022-01-30 21:45:13,54.0028,16.9826,34.09,66,21,16.87,few clouds
145,Kalmunai,LK,2022-01-30 21:42:30,7.4167,81.8167,76.33,88,50,5.06,scattered clouds
146,Khatanga,RU,2022-01-30 21:42:32,71.9667,102.5,-5.91,98,99,9.71,overcast clouds
147,Hervey Bay,AU,2022-01-30 21:40:46,-25.2986,152.8535,79.03,79,19,9.22,few clouds
148,Roald,NO,2022-01-30 21:45:14,62.5833,6.1333,34.32,86,75,8.05,broken clouds
149,Atasu,KZ,2022-01-30 21:44:07,48.6814,71.6433,14.7,95,100,9.46,overcast clouds
150,Saint-Raymond,CA,2022-01-30 21:40:44,45.467,-73.6095,14.34,59,20,3.44,few clouds
151,Peniche,PT,2022-01-30 21:45:14,39.3558,-9.3811,57.61,66,16,6.71,few clouds
152,Quito,EC,2022-01-30 21:45:15,-0.2299,-78.5249,58.15,87,100,3.67,light rain
153,Pochutla,MX,2022-01-30 21:45:15,15.7432,-96.4661,85.82,46,0,7.34,clear sky
154,Borger,NL,2022-01-30 21:43:19,52.9233,6.7931,39.79,82,100,11.16,overcast clouds
155,Nova Vicosa,BR,2022-01-30 21:45:16,-17.8919,-39.3719,80.06,81,49,14.32,scattered clouds
156,Faanui,PF,2022-01-30 21:45:16,-16.4833,-151.75,80.6,72,11,9.1,few clouds
157,Kalaleh,IR,2022-01-30 21:44:18,37.3807,55.4916,38.8,75,0,4.61,clear sky
158,Emerald,AU,2022-01-30 21:40:17,-23.5333,148.1667,78.94,78,61,8.05,broken clouds
159,Bethel,US,2022-01-30 21:40:55,41.3712,-73.414,25.48,47,0,6.91,clear sky
160,Maarianhamina,AX,2022-01-30 21:45:17,60.0973,19.9348,28.26,74,20,14.97,few clouds
161,Port Hardy,CA,2022-01-30 21:44:56,50.6996,-127.4199,43.75,87,100,10.36,light rain
162,Mubi,NG,2022-01-30 21:45:17,10.2676,13.2644,63.86,29,31,4.79,scattered clouds
163,Adrar,MR,2022-01-30 21:45:17,20.5022,-10.0711,75.31,13,100,10.11,overcast clouds
164,Hirara,JP,2022-01-30 21:45:18,24.8,125.2833,59.27,58,40,11.5,scattered clouds
165,Carnaiba,BR,2022-01-30 21:45:18,-8.7,-37.6667,83.8,46,88,14.45,overcast clouds
166,Namatanai,PG,2022-01-30 21:45:18,-3.6667,152.4333,81.3,77,100,3.29,overcast clouds
167,Tuktoyaktuk,CA,2022-01-30 21:45:11,69.4541,-133.0374,-0.4,78,100,19.57,light snow
168,Bathsheba,BB,2022-01-30 21:45:19,13.2167,-59.5167,79.41,69,40,24.16,scattered clouds
169,Dali,CN,2022-01-30 21:42:00,25.7,100.1833,36.5,88,23,3.38,few clouds
170,Ancud,CL,2022-01-30 21:45:19,-41.8697,-73.8203,62.13,58,32,12.21,scattered clouds
171,Tiksi,RU,2022-01-30 21:42:31,71.6872,128.8694,-18.11,100,96,4.45,overcast clouds
172,Saint-Pierre,RE,2022-01-30 21:45:20,-21.3393,55.4781,78.48,73,11,11.5,few clouds
173,Aleksandrov Gay,RU,2022-01-30 21:45:20,50.147,48.5704,27.5,91,96,9.84,overcast clouds
174,Drumheller,CA,2022-01-30 21:45:20,51.4617,-112.7101,43.27,64,87,4.61,overcast clouds
175,Purpe,RU,2022-01-30 21:45:21,64.4803,76.6897,-3.62,100,91,7.52,overcast clouds
176,Katherine,AU,2022-01-30 21:45:21,-14.4667,132.2667,79.12,83,78,11.5,broken clouds
177,Guaruja,BR,2022-01-30 21:43:56,-23.9931,-46.2564,78.87,59,100,2.3,light rain
178,Yulara,AU,2022-01-30 21:45:21,-25.2406,130.9889,71.44,100,75,12.66,broken clouds
179,Mansa,IN,2022-01-30 21:45:22,29.9833,75.3833,50.34,48,0,2.68,clear sky
180,Lieksa,FI,2022-01-30 21:45:22,63.3167,30.0167,17.37,90,100,10.38,overcast clouds
181,Byron Bay,AU,2022-01-30 21:42:31,-28.65,153.6167,79.05,85,74,8.75,broken clouds
182,Mount Gambier,AU,2022-01-30 21:45:22,-37.8333,140.7667,62.51,100,100,2.3,fog
183,Mmabatho,ZA,2022-01-30 21:45:23,-25.85,25.6333,67.96,88,100,9.22,overcast clouds
184,Te Anau,NZ,2022-01-30 21:44:59,-45.4167,167.7167,66.97,70,21,0.67,few clouds
185,Vardo,NO,2022-01-30 21:44:33,70.3705,31.1107,28.15,80,40,10.36,scattered clouds
186,Iqaluit,CA,2022-01-30 21:46:23,63.7506,-68.5145,-15.07,76,40,5.75,scattered clouds
187,Matara,LK,2022-01-30 21:46:24,5.9485,80.5353,74.93,94,35,6.2,scattered clouds
188,Kopavogur,IS,2022-01-30 21:46:24,64.1123,-21.913,26.82,80,40,26.46,scattered clouds
189,Tabou,CI,2022-01-30 21:46:24,4.423,-7.3528,79.79,86,25,7.81,scattered clouds
190,Espirito Santo Do Pinhal,BR,2022-01-30 21:41:51,-22.1158,-46.6828,63.32,97,97,1.05,light rain
191,Shuangcheng,CN,2022-01-30 21:46:25,45.35,126.2833,-13.32,100,17,0.51,few clouds
192,Leningradskiy,RU,2022-01-30 21:46:25,69.3833,178.4167,-14.04,94,90,3.74,overcast clouds
193,Bow Island,CA,2022-01-30 21:46:25,49.8668,-111.3684,50.29,37,100,16.11,overcast clouds
194,Kirakira,SB,2022-01-30 21:46:26,-10.4544,161.9205,83.25,76,92,5.1,moderate rain
195,Champerico,GT,2022-01-30 21:46:26,14.3,-91.9167,91.94,66,4,11.07,clear sky
196,Vila Velha,BR,2022-01-30 21:46:26,-20.3297,-40.2925,80.55,85,0,3.0,clear sky
197,Kavaratti,IN,2022-01-30 21:46:27,10.5669,72.642,81.23,73,13,8.32,few clouds
198,Husavik,IS,2022-01-30 21:46:27,66.0449,-17.3389,22.91,67,40,27.76,scattered clouds
199,Viedma,AR,2022-01-30 21:46:28,-40.8135,-62.9967,69.15,18,64,20.69,broken clouds
200,Wajima,JP,2022-01-30 21:46:28,37.4,136.9,35.26,59,100,9.33,overcast clouds
201,Bacolod,PH,2022-01-30 21:46:29,10.6667,122.95,76.55,86,48,3.44,scattered clouds
202,Taber,CA,2022-01-30 21:43:34,49.8167,-112.1518,51.31,38,100,16.6,overcast clouds
203,Copiapo,CL,2022-01-30 21:46:29,-27.3667,-70.3333,67.69,50,0,8.41,clear sky
204,Cap Malheureux,MU,2022-01-30 21:46:29,-19.9842,57.6142,79.29,81,100,5.01,overcast clouds
205,Taoudenni,ML,2022-01-30 21:46:30,22.6783,-3.9836,73.31,14,87,15.61,overcast clouds
206,Kahului,US,2022-01-30 21:46:30,20.8947,-156.47,82.42,57,0,14.97,clear sky
207,Luwingu,ZM,2022-01-30 21:46:30,-10.2621,29.9271,61.02,96,100,0.45,overcast clouds
208,Dreux,FR,2022-01-30 21:46:31,48.6667,1.25,42.51,92,51,8.86,broken clouds
209,Flinders,AU,2022-01-30 21:45:43,-34.5833,150.8552,78.8,78,20,5.99,few clouds
210,Port Macquarie,AU,2022-01-30 21:42:26,-31.4333,152.9167,74.89,77,8,4.59,clear sky
211,Petrove,UA,2022-01-30 21:46:31,48.3247,33.2562,27.27,93,44,12.93,scattered clouds
212,Hasaki,JP,2022-01-30 21:42:09,35.7333,140.8333,28.8,48,100,16.82,overcast clouds
213,Pimentel,PE,2022-01-30 21:42:49,-6.8367,-79.9342,77.29,53,0,19.57,clear sky
214,Rio Gallegos,AR,2022-01-30 21:46:32,-51.6226,-69.2181,57.25,30,40,33.38,scattered clouds
215,Hambantota,LK,2022-01-30 21:46:33,6.1241,81.1185,75.54,100,0,2.3,clear sky
216,Marawi,PH,2022-01-30 21:46:33,7.9986,124.2928,64.65,92,16,1.54,few clouds
217,Kemijarvi,FI,2022-01-30 21:46:33,66.7131,27.4306,-0.15,99,100,3.13,overcast clouds
218,Llangefni,GB,2022-01-30 21:46:34,53.2556,-4.3106,47.98,74,75,27.63,broken clouds
219,Mount Isa,AU,2022-01-30 21:46:34,-20.7333,139.5,74.97,100,75,5.75,broken clouds
220,Nemuro,JP,2022-01-30 21:46:35,43.3236,145.575,15.78,68,39,12.19,scattered clouds
221,North Bend,US,2022-01-30 21:46:35,43.4065,-124.2243,57.92,86,75,14.97,broken clouds
222,Nuuk,GL,2022-01-30 21:46:35,64.1835,-51.7216,12.81,73,40,16.11,scattered clouds
223,Natal,BR,2022-01-30 21:46:36,-5.795,-35.2094,84.42,74,20,11.5,few clouds
224,Mudon,MM,2022-01-30 21:46:36,16.2578,97.7164,62.06,81,34,4.16,scattered clouds
225,Agadez,NE,2022-01-30 21:46:36,19.75,10.25,55.96,17,0,11.43,clear sky
226,Kavieng,PG,2022-01-30 21:46:37,-2.5744,150.7967,81.64,75,89,2.28,overcast clouds
227,Port Moresby,PG,2022-01-30 21:44:12,-9.4431,147.1797,74.62,88,75,11.5,broken clouds
228,Tuatapere,NZ,2022-01-30 21:46:37,-46.1333,167.6833,67.82,68,17,2.59,few clouds
229,Bougouni,ML,2022-01-30 21:46:37,11.417,-7.479,79.3,13,8,5.75,clear sky
230,Comodoro Rivadavia,AR,2022-01-30 21:46:38,-45.8667,-67.5,62.46,34,40,11.5,scattered clouds
231,Nelson Bay,AU,2022-01-30 21:47:38,-32.7167,152.15,78.12,85,80,1.01,broken clouds
232,Maragogi,BR,2022-01-30 21:47:38,-9.0122,-35.2225,79.79,79,100,9.62,overcast clouds
233,Wanning,CN,2022-01-30 21:47:39,18.8003,110.3967,69.39,85,99,13.31,overcast clouds
234,Verkh-Usugli,RU,2022-01-30 21:47:39,52.7,115.1667,-17.81,97,7,2.77,clear sky
235,Mokhsogollokh,RU,2022-01-30 21:47:39,61.4681,128.9203,-20.2,100,100,3.36,overcast clouds
236,Batesville,US,2022-01-30 21:47:40,35.7698,-91.641,64.09,24,0,3.44,clear sky
237,Junagarh,IN,2022-01-30 21:47:40,19.8667,82.9333,57.24,33,0,3.27,clear sky
238,Troitsko-Pechorsk,RU,2022-01-30 21:47:40,62.7084,56.1964,-7.87,100,97,2.77,overcast clouds
239,Tiznit,MA,2022-01-30 21:47:41,29.5833,-9.5,62.44,27,100,22.24,overcast clouds
240,Am Timan,TD,2022-01-30 21:47:41,11.0297,20.2827,72.73,17,4,7.54,clear sky
241,Filingue,NE,2022-01-30 21:47:41,14.3521,3.3168,72.37,12,15,13.11,few clouds
242,Ngunguru,NZ,2022-01-30 21:47:42,-35.6167,174.5,72.16,71,96,16.11,overcast clouds
243,Balasheyka,RU,2022-01-30 21:47:42,53.2841,48.0851,22.42,95,100,4.9,overcast clouds
244,Grindavik,IS,2022-01-30 21:44:40,63.8424,-22.4338,27.07,68,75,36.82,light shower snow
245,Colares,PT,2022-01-30 21:47:43,38.7992,-9.4469,57.88,40,0,5.01,clear sky
246,Skegness,GB,2022-01-30 21:47:43,53.1436,0.3363,44.96,83,99,27.27,overcast clouds
247,Bodden Town,KY,2022-01-30 21:47:43,19.2833,-81.25,71.01,56,40,7.0,scattered clouds
248,Dalbandin,PK,2022-01-30 21:47:44,28.8947,64.4101,55.53,39,0,6.91,clear sky
249,Otopeni,RO,2022-01-30 21:47:44,44.55,26.0667,39.87,67,0,15.01,clear sky
250,Warri,NG,2022-01-30 21:47:44,5.5167,5.75,75.31,67,49,3.2,scattered clouds
251,Nosy Varika,MG,2022-01-30 21:47:45,-20.5833,48.5333,72.54,85,23,4.65,few clouds
252,Amarante Do Maranhao,BR,2022-01-30 21:47:45,-5.5667,-46.7422,71.85,94,50,2.71,scattered clouds
253,Rocha,UY,2022-01-30 21:47:45,-34.4833,-54.3333,73.0,68,0,11.45,clear sky
254,Horodyshche,UA,2022-01-30 21:47:46,49.2849,31.4451,32.9,88,39,18.5,light snow
255,Bilibino,RU,2022-01-30 21:47:46,68.0546,166.4372,-12.64,96,75,5.12,broken clouds
256,Dorado,PR,2022-01-30 21:47:46,18.4588,-66.2677,81.16,74,1,11.18,clear sky
257,Ponta Do Sol,PT,2022-01-30 21:43:53,32.6667,-17.1,65.03,73,1,9.37,clear sky
258,Katsuura,JP,2022-01-30 21:47:47,35.1333,140.3,38.19,52,100,11.48,overcast clouds
259,Fereydun Kenar,IR,2022-01-30 21:47:47,36.6864,52.5225,48.29,67,0,4.5,clear sky
260,Kruisfontein,ZA,2022-01-30 21:47:48,-34.0033,24.7314,69.89,96,80,5.3,broken clouds
261,Santa Maria,BR,2022-01-30 21:47:48,-29.6842,-53.8069,81.7,61,20,11.5,few clouds
262,Gizo,SB,2022-01-30 21:45:34,-8.103,156.8419,83.66,74,100,8.61,overcast clouds
263,Alakurtti,RU,2022-01-30 21:47:48,66.9672,30.3491,4.35,96,89,3.71,overcast clouds
264,Andenes,NO,2022-01-30 21:47:49,69.3143,16.1194,28.38,93,100,10.36,snow
265,Hofn,IS,2022-01-30 21:47:49,64.2539,-15.2082,25.65,51,0,22.35,clear sky
266,Kiama,AU,2022-01-30 21:47:49,-34.6833,150.8667,79.0,77,26,1.99,scattered clouds
267,Coihaique,CL,2022-01-30 21:47:49,-45.5752,-72.0662,57.81,47,40,9.22,scattered clouds
268,Jutai,BR,2022-01-30 21:47:50,-5.1833,-68.9,84.25,65,80,1.03,broken clouds
269,Hun,LY,2022-01-30 21:47:50,29.1268,15.9477,46.44,58,6,3.0,clear sky
270,Maua,BR,2022-01-30 21:47:50,-23.6678,-46.4614,70.09,93,100,4.29,overcast clouds
271,Fort Nelson,CA,2022-01-30 21:46:09,58.8053,-122.7002,0.99,71,100,11.5,light snow
272,Sedalia,US,2022-01-30 21:47:45,38.7045,-93.2283,46.06,44,0,8.05,clear sky
273,Clinton,US,2022-01-30 21:47:51,42.587,-82.9199,27.95,60,100,3.44,overcast clouds
274,Tikrit,IQ,2022-01-30 21:47:51,34.6071,43.6782,47.08,63,3,6.78,clear sky
275,Tra Vinh,VN,2022-01-30 21:47:52,9.9347,106.3453,73.76,86,49,6.71,scattered clouds
276,Bograd,RU,2022-01-30 21:47:52,54.2344,90.8328,-22.25,95,12,3.44,few clouds
277,Hamilton,US,2022-01-30 21:44:55,39.1834,-84.5333,40.05,57,20,11.5,few clouds
278,Oranjestad,AW,2022-01-30 21:47:58,12.524,-70.027,80.55,69,75,14.97,broken clouds
279,Vila Franca Do Campo,PT,2022-01-30 21:44:59,37.7167,-25.4333,59.41,80,47,15.12,scattered clouds
280,Celestun,MX,2022-01-30 21:48:53,20.8667,-90.4,71.47,51,2,12.71,clear sky
281,Tamandare,BR,2022-01-30 21:48:53,-8.7597,-35.1047,79.36,80,98,8.52,overcast clouds
282,Jacarau,BR,2022-01-30 21:48:54,-6.6122,-35.2928,77.49,76,19,8.5,few clouds
283,Sal Rei,CV,2022-01-30 21:48:54,16.1833,-22.9167,68.56,74,100,22.57,overcast clouds
284,Bagotville,AU,2022-01-30 21:48:54,-28.9833,153.4167,75.22,98,48,7.4,scattered clouds
285,Pasni,PK,2022-01-30 21:44:23,25.2631,63.471,70.84,74,0,11.95,clear sky
286,Iralaya,HN,2022-01-30 21:48:55,15.0,-83.2333,80.69,71,78,17.47,broken clouds
287,Taman,RU,2022-01-30 21:48:55,45.2117,36.7161,41.34,80,100,28.14,overcast clouds
288,Okha,RU,2022-01-30 21:48:55,53.5739,142.9478,9.43,93,100,21.47,light snow
289,Sibolga,ID,2022-01-30 21:48:56,1.7427,98.7792,75.78,90,95,3.44,overcast clouds
290,Beihai,CN,2022-01-30 21:48:56,21.4833,109.1,53.6,89,96,16.33,overcast clouds
291,Alcaniz,ES,2022-01-30 21:44:03,41.05,-0.1333,51.42,41,0,5.03,clear sky
292,Beringovskiy,RU,2022-01-30 21:48:56,63.05,179.3167,-8.84,100,100,10.16,overcast clouds
293,Ahipara,NZ,2022-01-30 21:48:57,-35.1667,173.1667,74.28,56,97,13.11,overcast clouds
294,Sindor,RU,2022-01-30 21:48:57,62.8629,51.8905,-2.34,100,98,3.04,overcast clouds
295,Aleysk,RU,2022-01-30 21:48:57,52.4926,82.7822,-0.76,93,29,3.58,scattered clouds
296,Bam,IR,2022-01-30 21:48:58,29.106,58.357,49.15,34,0,1.66,clear sky
297,Caravelas,BR,2022-01-30 21:48:58,-17.7125,-39.2481,79.61,83,22,11.5,few clouds
298,Terra Santa,BR,2022-01-30 21:48:58,-2.1042,-56.4869,77.67,83,100,1.41,overcast clouds
299,Saldanha,ZA,2022-01-30 21:48:59,-33.0117,17.9442,66.25,92,87,8.72,overcast clouds
300,Lata,PT,2022-01-30 21:48:59,40.1629,-8.3327,48.61,55,99,3.15,overcast clouds
301,Codrington,AU,2022-01-30 21:48:59,-38.2667,141.9667,67.01,88,54,6.4,broken clouds
302,Raga,SS,2022-01-30 21:49:00,8.4596,25.678,66.9,20,47,3.83,scattered clouds
303,Nyurba,RU,2022-01-30 21:49:00,63.2842,118.3319,-23.58,100,36,4.56,scattered clouds
304,Kidal,ML,2022-01-30 21:49:01,18.4411,1.4078,70.2,14,69,11.92,broken clouds
305,Carauari,BR,2022-01-30 21:49:01,-4.8828,-66.8958,79.07,87,96,3.27,overcast clouds
306,Castanos,MX,2022-01-30 21:49:01,26.7833,-101.4167,68.34,35,25,5.37,scattered clouds
307,Nome,US,2022-01-30 21:48:19,64.5011,-165.4064,-4.85,70,0,0.0,clear sky
308,Dubai,AE,2022-01-30 21:44:22,25.2582,55.3047,70.21,64,0,4.61,clear sky
309,Imbituba,BR,2022-01-30 21:49:02,-28.24,-48.6703,76.89,70,37,4.72,scattered clouds
310,Dingle,PH,2022-01-30 21:49:02,10.9995,122.6711,73.74,94,66,3.74,broken clouds
311,Kokopo,PG,2022-01-30 21:49:03,-4.352,152.2633,79.36,78,100,4.5,overcast clouds
312,Walvis Bay,NA,2022-01-30 21:49:03,-22.9575,14.5053,67.08,94,100,9.22,overcast clouds
313,Aksarka,RU,2022-01-30 21:49:03,66.5606,67.7975,-12.5,100,85,4.5,overcast clouds
314,Talnakh,RU,2022-01-30 21:49:04,69.4865,88.3972,-14.67,96,86,8.9,overcast clouds
315,Hualmay,PE,2022-01-30 21:49:04,-11.0964,-77.6139,72.86,77,100,9.48,overcast clouds
316,Genhe,CN,2022-01-30 21:49:04,50.7833,121.5167,-17.88,100,56,0.72,broken clouds
317,Sao Filipe,CV,2022-01-30 21:49:05,14.8961,-24.4956,70.99,74,99,14.36,overcast clouds
318,Nadvoitsy,RU,2022-01-30 21:49:05,63.8667,34.3167,12.72,96,100,4.68,overcast clouds
319,Anadyr,RU,2022-01-30 21:49:05,64.75,177.4833,-17.9,75,20,5.99,fog
320,Oussouye,SN,2022-01-30 21:49:06,12.485,-16.5469,78.98,70,100,9.19,overcast clouds
321,Rovaniemi,FI,2022-01-30 21:49:06,66.5,25.7167,4.41,85,0,8.05,clear sky
322,Hingorja,PK,2022-01-30 21:49:06,27.2109,68.416,55.51,35,0,3.49,clear sky
323,East London,ZA,2022-01-30 21:49:07,-33.0153,27.9116,74.61,83,83,15.01,broken clouds
324,Wageningen,NL,2022-01-30 21:49:07,51.9667,5.6667,41.2,83,100,8.05,light rain
325,Pekan,MY,2022-01-30 21:49:07,3.4836,103.3996,75.31,85,95,6.02,overcast clouds
326,Fairbanks,US,2022-01-30 21:50:08,64.8378,-147.7164,-9.08,73,0,0.0,clear sky
327,Vanderhoof,CA,2022-01-30 21:50:08,54.0166,-124.0198,34.18,93,100,1.03,overcast clouds
328,Shubarshi,KZ,2022-01-30 21:50:08,48.5872,57.1869,25.52,95,100,14.23,overcast clouds
329,Fortuna,US,2022-01-30 21:50:09,40.5982,-124.1573,60.42,70,0,4.0,clear sky
330,Poum,NC,2022-01-30 21:46:05,-20.2333,164.0167,80.26,75,97,8.97,overcast clouds
331,Lewistown,US,2022-01-30 21:48:27,40.5992,-77.5714,26.26,76,20,0.0,few clouds
332,Gamba,GA,2022-01-30 21:50:09,-2.65,10.0,77.22,86,100,2.86,light rain
333,Cabo San Lucas,MX,2022-01-30 21:50:10,22.8909,-109.9124,78.62,66,80,1.99,broken clouds
334,Ilo,PE,2022-01-30 21:50:10,-17.6394,-71.3375,70.77,68,19,5.68,few clouds
335,Spencer,US,2022-01-30 21:50:11,43.1414,-95.1444,24.58,72,0,5.75,clear sky
336,Vao,NC,2022-01-30 21:50:11,-22.6667,167.4833,79.07,84,100,5.88,overcast clouds
337,Kazerun,IR,2022-01-30 21:50:11,29.6195,51.6541,51.51,49,83,1.21,broken clouds
338,Whitianga,NZ,2022-01-30 21:50:12,-36.8333,175.7,70.11,68,78,11.14,broken clouds
339,Nova Olinda Do Norte,BR,2022-01-30 21:50:12,-3.8881,-59.0942,74.84,92,100,2.24,overcast clouds
340,Kunya,NG,2022-01-30 21:50:12,12.2233,8.5325,66.36,27,44,3.44,scattered clouds
341,Sawtell,AU,2022-01-30 21:49:37,-30.3833,153.1,75.52,93,40,8.05,scattered clouds
342,Utiel,ES,2022-01-30 21:50:13,39.5667,-1.2,47.3,23,0,5.19,clear sky
343,Svetlyy,RU,2022-01-30 21:50:13,54.675,20.1347,35.65,71,100,28.23,overcast clouds
344,Karpathos,GR,2022-01-30 21:50:13,35.507,27.2132,51.76,76,28,1.14,scattered clouds
345,Hovd,MN,2022-01-30 21:48:06,48.0056,91.6419,-14.03,81,24,1.88,few clouds
346,Fort Saint James,CA,2022-01-30 21:50:14,54.4333,-124.25,32.67,95,91,1.3,light snow
347,Umm Lajj,SA,2022-01-30 21:50:14,25.0213,37.2685,64.65,60,87,9.28,overcast clouds
348,General Roca,AR,2022-01-30 21:50:15,-39.0333,-67.5833,83.62,11,6,24.09,clear sky
349,Muriwai Beach,NZ,2022-01-30 21:50:15,-36.8167,174.45,73.76,68,88,14.14,overcast clouds
350,Omboue,GA,2022-01-30 21:50:16,-1.5746,9.2618,78.71,84,97,4.81,overcast clouds
351,Beyneu,KZ,2022-01-30 21:50:16,45.3167,55.2,32.86,81,100,16.26,overcast clouds
352,Anzio,IT,2022-01-30 21:50:16,41.4853,12.6179,49.32,77,29,2.44,scattered clouds
353,Kaeo,NZ,2022-01-30 21:46:30,-35.1,173.7833,72.32,75,99,14.61,overcast clouds
354,Ozark,US,2022-01-30 21:50:17,37.0209,-93.206,54.01,36,98,4.47,overcast clouds
355,Palembang,ID,2022-01-30 21:50:17,-2.9167,104.7458,77.09,94,20,2.3,few clouds
356,Balotra,IN,2022-01-30 21:50:17,25.8333,72.2333,62.56,63,0,7.87,clear sky
357,Mardin,TR,2022-01-30 21:50:18,37.3131,40.7436,33.91,76,86,6.22,overcast clouds
358,Labuhan,ID,2022-01-30 21:50:18,-6.8844,112.2051,78.01,86,100,8.1,overcast clouds
359,Coutances,FR,2022-01-30 21:50:18,49.05,-1.4333,49.15,91,60,10.85,broken clouds
360,Khlung,TH,2022-01-30 21:50:19,12.4547,102.2214,83.1,91,28,1.81,scattered clouds
361,Moerai,PF,2022-01-30 21:50:19,-22.4333,-151.3333,80.13,74,23,14.23,few clouds
362,Envira,BR,2022-01-30 21:50:19,-7.3,-70.2167,82.87,65,94,2.93,overcast clouds
363,Taunggyi,MM,2022-01-30 21:48:33,20.7833,97.0333,42.82,53,0,2.55,clear sky
364,Norman Wells,CA,2022-01-30 21:50:20,65.282,-126.8329,-25.56,62,75,0.0,broken clouds
365,Nibong Tebal,MY,2022-01-30 21:50:20,5.1659,100.4779,81.95,92,40,2.8,scattered clouds
366,Saint-Francois,FR,2022-01-30 21:50:20,46.4154,3.9054,38.64,93,100,2.3,overcast clouds
367,Saint George,US,2022-01-30 21:50:21,37.1041,-113.5841,63.07,17,0,3.0,clear sky
368,Pisco,PE,2022-01-30 21:50:21,-13.7,-76.2167,75.25,69,40,6.91,scattered clouds
369,Szolnok,HU,2022-01-30 21:50:21,47.1833,20.2,43.12,52,0,18.41,clear sky
370,Port Arthur,CN,2022-01-30 21:50:22,38.8,121.2667,19.62,55,100,16.28,overcast clouds
371,Port Lincoln,AU,2022-01-30 21:50:59,-34.7333,135.8667,67.14,82,47,9.22,scattered clouds
372,Atar,MR,2022-01-30 21:51:22,20.5169,-13.0499,79.79,11,100,8.72,overcast clouds
373,Cao Bang,VN,2022-01-30 21:51:22,22.6667,106.25,49.6,92,100,1.77,overcast clouds
374,Amalapuram,IN,2022-01-30 21:51:23,16.5833,82.0167,64.18,96,7,2.06,clear sky
375,Lalibela,ET,2022-01-30 21:51:23,12.0333,39.0333,58.28,52,86,4.09,overcast clouds
376,Puerto Madero,MX,2022-01-30 21:51:23,14.7208,-92.4215,82.02,59,4,9.95,clear sky
377,Paveh,IR,2022-01-30 21:51:24,35.0434,46.3565,26.8,86,9,3.69,clear sky
378,Corner Brook,CA,2022-01-30 21:51:24,48.9667,-57.9484,28.56,86,97,17.45,light snow
379,Kumba,CM,2022-01-30 21:51:24,4.6363,9.4469,74.53,81,54,3.15,broken clouds
380,Shenxian,CN,2022-01-30 21:51:25,36.2411,115.6672,28.83,33,14,5.41,few clouds
381,Pathein,MM,2022-01-30 21:51:25,16.7833,94.7333,64.85,74,81,5.57,broken clouds
382,Ocos,GT,2022-01-30 21:50:30,14.5094,-92.1933,91.9,64,5,9.89,clear sky
383,Zalantun,CN,2022-01-30 21:51:26,48.0,122.7167,-5.55,87,3,7.07,clear sky
384,Yining,CN,2022-01-30 21:51:26,29.0361,114.5636,38.25,86,100,1.07,light rain
385,Faya,SA,2022-01-30 21:51:26,18.3851,42.4509,57.31,84,11,4.23,few clouds
386,Nurota,UZ,2022-01-30 21:51:27,40.5614,65.6886,32.09,75,24,7.09,few clouds
387,Linqiong,CN,2022-01-30 21:51:27,30.4159,103.4609,37.22,84,72,3.65,broken clouds
388,Xam Nua,LA,2022-01-30 21:51:27,20.4197,104.0439,52.38,98,100,2.55,overcast clouds
389,Maceio,BR,2022-01-30 21:48:07,-9.6658,-35.7353,83.64,78,40,10.36,scattered clouds
390,Richards Bay,ZA,2022-01-30 21:47:47,-28.783,32.0377,71.04,87,98,5.73,overcast clouds
391,Suileng,CN,2022-01-30 21:51:28,47.25,127.0833,-20.09,100,28,3.18,scattered clouds
392,Geraldton,AU,2022-01-30 21:48:22,-28.7667,114.6,72.01,88,100,13.8,overcast clouds
393,Bud,US,2022-01-30 21:51:28,39.447,-86.1758,37.74,58,57,9.26,broken clouds
394,San Ignacio,BZ,2022-01-30 21:51:29,17.1561,-89.0714,77.14,53,75,0.0,broken clouds
395,Ngama,TD,2022-01-30 21:51:29,11.7833,17.1667,68.49,15,9,13.65,clear sky
396,Taupo,NZ,2022-01-30 21:51:29,-38.6833,176.0833,76.24,49,59,0.6,broken clouds
397,Tafo,GH,2022-01-30 21:51:30,6.7345,-1.6127,74.17,17,65,2.86,broken clouds
398,Anchorage,US,2022-01-30 21:51:30,61.2181,-149.9003,26.31,78,100,3.44,overcast clouds
399,Waitara,NZ,2022-01-30 21:51:30,-38.925,174.25,68.99,65,93,3.36,overcast clouds
400,Tsumeb,NA,2022-01-30 21:51:30,-19.2333,17.7167,67.55,87,100,4.32,moderate rain
401,Coos Bay,US,2022-01-30 21:51:31,43.3665,-124.2179,57.99,87,75,14.97,broken clouds
402,Sarh,TD,2022-01-30 21:51:31,9.1429,18.3923,76.91,27,0,9.22,clear sky
403,Krasnoarmeysk,RU,2022-01-30 21:51:32,51.0239,45.6969,19.0,96,94,7.99,overcast clouds
404,Kutum,SD,2022-01-30 21:51:32,14.2,24.6667,54.5,17,1,13.8,clear sky
405,Pacific Grove,US,2022-01-30 21:47:21,36.6177,-121.9166,69.15,69,0,1.01,clear sky
406,Seoul,KR,2022-01-30 21:51:01,37.5683,126.9778,22.44,73,0,2.3,clear sky
407,Broken Hill,AU,2022-01-30 21:51:32,-31.95,141.4333,76.71,73,75,6.91,light rain
408,Fort William,GB,2022-01-30 21:51:33,56.8165,-5.1121,43.3,79,100,23.94,overcast clouds
409,Perth,AU,2022-01-30 21:50:03,-31.9333,115.8333,68.09,71,0,11.5,clear sky
410,Tautira,PF,2022-01-30 21:51:33,-17.7333,-149.15,84.22,75,94,11.48,overcast clouds
411,Steenbergen,NL,2022-01-30 21:51:34,51.5842,4.3194,42.78,82,100,11.5,overcast clouds
412,Derzhavinsk,KZ,2022-01-30 21:49:28,51.1,66.3167,12.94,94,85,14.97,overcast clouds
413,Arlit,NE,2022-01-30 21:51:34,18.7369,7.3853,65.23,14,1,16.04,clear sky
414,Brae,GB,2022-01-30 21:51:34,60.3964,-1.353,39.11,97,100,12.48,overcast clouds
415,Havre-Saint-Pierre,CA,2022-01-30 21:47:20,50.2334,-63.5986,12.2,72,75,14.97,broken clouds
416,Shakhunya,RU,2022-01-30 21:51:35,57.6758,46.6114,13.57,97,98,4.72,overcast clouds
417,Sayansk,RU,2022-01-30 21:52:35,54.1088,102.1648,-6.05,98,100,2.01,overcast clouds
418,Ismailia,EG,2022-01-30 21:52:04,30.6043,32.2723,52.66,45,54,7.61,broken clouds
419,Ishinomaki,JP,2022-01-30 21:52:36,38.4167,141.3,30.2,67,18,17.07,few clouds
420,Cosautlan,MX,2022-01-30 21:52:36,19.3333,-96.9833,62.24,74,54,4.88,broken clouds
421,Tessalit,ML,2022-01-30 21:52:36,20.1986,1.0114,69.84,14,28,11.07,scattered clouds
422,Turayf,SA,2022-01-30 21:52:37,31.6725,38.6637,43.05,56,0,16.11,clear sky
423,Aykhal,RU,2022-01-30 21:52:37,66.0,111.5,-21.82,100,90,3.69,overcast clouds
424,Pangai,TO,2022-01-30 21:52:37,-19.8,-174.35,81.16,75,99,9.71,overcast clouds
425,Astoria,US,2022-01-30 21:52:38,46.1879,-123.8313,52.14,88,100,14.0,light rain
426,Mitsamiouli,KM,2022-01-30 21:52:38,-11.3847,43.2844,80.51,74,2,3.42,clear sky
427,Aras,ES,2022-01-30 21:52:38,42.5617,-2.356,39.06,75,0,9.22,clear sky
428,Canguaretama,BR,2022-01-30 21:52:39,-6.38,-35.1289,84.69,78,17,10.07,light rain
429,Eureka,US,2022-01-30 21:52:39,40.8021,-124.1637,60.67,76,90,1.99,overcast clouds
430,Mersing,MY,2022-01-30 21:52:39,2.4312,103.8405,78.71,83,95,6.91,overcast clouds
431,Acarau,BR,2022-01-30 21:52:40,-2.8856,-40.12,77.29,82,100,10.6,overcast clouds
432,Mugur-Aksy,RU,2022-01-30 21:52:40,50.35,90.5,-7.74,63,2,5.86,clear sky
433,Lamballe,FR,2022-01-30 21:52:41,48.4676,-2.5144,47.34,94,31,9.4,scattered clouds
434,Cascais,PT,2022-01-30 21:52:41,38.6979,-9.4215,58.05,41,0,5.01,clear sky
435,Port-Gentil,GA,2022-01-30 21:52:41,-0.7193,8.7815,82.36,83,40,8.05,scattered clouds
436,Port Blair,IN,2022-01-30 21:52:42,11.6667,92.75,69.84,88,20,2.3,mist
437,Vysokogornyy,RU,2022-01-30 21:52:42,50.1167,139.15,-23.06,100,96,4.18,overcast clouds
438,Toora-Khem,RU,2022-01-30 21:52:42,52.4675,96.11,-27.2,100,94,1.01,overcast clouds
439,Kurilsk,RU,2022-01-30 21:52:43,45.2333,147.8833,18.19,67,100,17.78,overcast clouds
440,Los Llanos De Aridane,ES,2022-01-30 21:52:43,28.6585,-17.9182,58.75,79,5,7.0,clear sky
441,Asau,RO,2022-01-30 21:52:43,46.4333,26.4,40.39,66,99,18.52,overcast clouds
442,Conde,BR,2022-01-30 21:52:44,-7.2597,-34.9075,81.86,78,20,10.36,few clouds
443,Saint-Georges,GD,2022-01-30 21:48:58,12.0564,-61.7485,82.08,74,20,14.97,few clouds
444,Falmouth,GB,2022-01-30 21:52:13,50.1544,-5.0711,49.86,88,79,23.35,broken clouds
445,Kinlochleven,GB,2022-01-30 21:52:44,56.7115,-4.9661,43.29,79,100,26.57,overcast clouds
446,Findhorn,GB,2022-01-30 21:52:44,57.6572,-3.6085,42.94,77,100,32.95,light rain
447,Paungde,MM,2022-01-30 21:52:45,18.4833,95.5,57.07,71,5,1.79,clear sky
448,Touros,BR,2022-01-30 21:52:45,-5.1989,-35.4608,83.3,76,20,12.57,few clouds
449,Korla,CN,2022-01-30 21:51:03,41.7597,86.1469,23.47,59,100,3.22,overcast clouds
450,Baltay,RU,2022-01-30 21:52:45,52.4652,46.6308,14.29,100,94,4.81,overcast clouds
451,Seryshevo,RU,2022-01-30 21:52:46,51.0933,128.3786,-19.3,99,23,3.62,few clouds
452,Palmer,US,2022-01-30 21:52:46,42.1584,-72.3287,21.02,35,20,3.0,few clouds
453,Vanimo,PG,2022-01-30 21:52:46,-2.6741,141.3028,76.5,89,100,8.48,overcast clouds
454,Madras,IN,2022-01-30 21:49:48,13.0878,80.2785,77.97,83,9,2.3,mist
455,Tanout,NE,2022-01-30 21:52:47,14.9709,8.8879,61.72,16,29,17.07,scattered clouds
456,Polyarnyy,RU,2022-01-30 21:48:35,69.1989,33.4478,-10.73,98,75,10.33,broken clouds
457,Blackfoot,US,2022-01-30 21:52:47,43.1905,-112.345,25.77,81,35,0.74,scattered clouds
458,Rio Grande,BR,2022-01-30 21:52:48,-32.035,-52.0986,80.71,72,21,19.55,few clouds
459,Caohe,CN,2022-01-30 21:52:48,30.2297,115.4335,36.3,86,100,1.19,overcast clouds
460,Pombia,IT,2022-01-30 21:52:48,45.653,8.6336,46.51,74,0,6.91,clear sky
461,Polunochnoye,RU,2022-01-30 21:52:49,60.8697,60.4153,-10.12,100,100,2.64,overcast clouds
462,Sabang,ID,2022-01-30 21:52:49,5.8933,95.3214,81.39,75,86,7.99,overcast clouds
463,Rawson,AR,2022-01-30 21:53:49,-43.3002,-65.1023,57.99,48,69,13.4,broken clouds
464,Merrill,US,2022-01-30 21:53:50,45.1805,-89.6835,26.37,66,100,0.0,overcast clouds
465,Sao Miguel Do Araguaia,BR,2022-01-30 21:53:50,-13.275,-50.1628,71.98,95,100,3.51,light rain
466,Saint-Augustin,CA,2022-01-30 21:53:51,51.226,-58.6502,17.67,88,99,32.17,overcast clouds
467,Sladkovo,RU,2022-01-30 21:53:51,55.5284,70.3385,11.12,94,100,7.99,overcast clouds
468,Mangan,IN,2022-01-30 21:53:51,27.5167,88.5333,50.13,62,90,3.78,overcast clouds
469,Nikolskoye,RU,2022-01-30 21:53:52,59.7035,30.7861,27.39,96,100,6.24,light snow
470,Les Cayes,HT,2022-01-30 21:50:34,18.2,-73.75,79.68,68,71,1.45,broken clouds
471,Kautokeino,NO,2022-01-30 21:53:52,69.0125,23.0412,-9.09,96,9,2.98,clear sky
472,Hengshui,CN,2022-01-30 21:53:52,37.7322,115.7011,27.54,40,0,7.11,clear sky
473,Half Moon Bay,US,2022-01-30 21:53:53,37.4636,-122.4286,67.05,71,20,1.99,few clouds
474,Lehigh Acres,US,2022-01-30 21:53:53,26.6254,-81.6248,61.95,24,0,3.0,clear sky
475,Olafsvik,IS,2022-01-30 21:53:53,64.8945,-23.7142,27.61,55,100,32.46,overcast clouds
476,Boulsa,BF,2022-01-30 21:53:54,12.6675,-0.5758,74.52,12,31,10.51,scattered clouds
477,Luganville,VU,2022-01-30 21:53:54,-15.5333,167.1667,79.54,86,100,7.11,overcast clouds
478,Mission Bend,US,2022-01-30 21:53:54,29.6938,-95.6649,71.51,38,4,1.99,clear sky
479,Banda Aceh,ID,2022-01-30 21:53:55,5.5577,95.3222,76.44,83,68,7.2,broken clouds
480,Bima,ID,2022-01-30 21:53:55,-8.4667,118.7167,76.33,94,100,1.7,overcast clouds
481,Lokachi,UA,2022-01-30 21:53:55,50.737,24.6494,33.75,96,100,23.67,light snow
482,Mao,ES,2022-01-30 21:53:56,39.8885,4.2658,48.76,93,0,6.91,clear sky
483,Ventspils,LV,2022-01-30 21:53:56,57.3894,21.5606,31.93,93,100,24.16,overcast clouds
484,Ilulissat,GL,2022-01-30 21:53:56,69.2167,-51.1,-6.92,80,100,9.06,overcast clouds
485,Juneau,US,2022-01-30 21:52:00,58.3019,-134.4197,35.83,93,100,3.44,snow
486,Katobu,ID,2022-01-30 21:53:57,-4.9408,122.5276,76.66,90,100,3.33,overcast clouds
487,Tanete,ID,2022-01-30 21:53:57,-3.9443,119.7848,75.38,90,100,3.74,overcast clouds
488,Wahpeton,US,2022-01-30 21:53:57,46.2652,-96.6059,14.94,85,40,14.97,scattered clouds
489,Cabedelo,BR,2022-01-30 21:53:58,-6.9811,-34.8339,83.07,75,13,11.59,few clouds
490,Mattoon,US,2022-01-30 21:53:58,39.4831,-88.3728,33.53,63,41,9.66,scattered clouds
491,Kimberley,ZA,2022-01-30 21:53:58,-28.7323,24.7623,65.89,88,100,5.75,overcast clouds
492,Harlingen,US,2022-01-30 21:53:59,26.1906,-97.6961,71.35,58,94,13.73,overcast clouds
493,Siyabuswa,ZA,2022-01-30 21:53:59,-25.1132,29.0445,68.36,82,100,4.79,overcast clouds
494,Maldonado,UY,2022-01-30 21:49:26,-34.6667,-54.9167,82.22,61,0,5.79,clear sky
495,Wiang Sa,TH,2022-01-30 21:53:59,8.6359,99.3666,72.84,93,12,2.84,few clouds
496,Sestu,IT,2022-01-30 21:54:00,39.2943,9.093,55.29,77,0,5.75,clear sky
497,Guder,ET,2022-01-30 21:54:00,8.9667,37.7667,57.11,41,46,4.76,scattered clouds
498,Markt Schwaben,DE,2022-01-30 21:54:00,48.1895,11.8691,35.76,83,40,6.91,scattered clouds
499,Luanda,AO,2022-01-30 21:53:31,-8.8368,13.2343,78.8,83,75,9.22,broken clouds
500,Lebu,CL,2022-01-30 21:54:01,-37.6167,-73.65,60.28,65,0,20.49,clear sky
501,San Patricio,US,2022-01-30 21:54:01,28.017,-97.5169,71.69,54,45,13.47,scattered clouds
502,Peterhead,GB,2022-01-30 21:54:02,57.5058,-1.7981,43.2,89,100,13.8,overcast clouds
503,Uruacu,BR,2022-01-30 21:54:02,-14.5247,-49.1408,70.16,96,100,2.98,overcast clouds
504,Sidmouth,GB,2022-01-30 21:54:02,50.6909,-3.2397,49.87,93,82,22.73,broken clouds
505,Pemba,MZ,2022-01-30 21:54:03,-12.974,40.5178,79.5,83,20,5.99,few clouds
506,Abalak,RU,2022-01-30 21:53:07,58.1286,68.5944,0.45,97,100,4.32,overcast clouds
507,Marystown,CA,2022-01-30 21:54:03,47.1666,-55.1483,37.85,100,95,5.01,overcast clouds
508,Manta,EC,2022-01-30 21:50:48,-0.95,-80.7333,76.78,83,100,4.61,overcast clouds
509,Road Town,VG,2022-01-30 21:54:46,18.4167,-64.6167,80.64,69,20,6.91,few clouds
510,Lavrentiya,RU,2022-01-30 21:50:58,65.5833,-171.0,-5.8,90,4,3.74,clear sky
511,Beirut,LB,2022-01-30 21:55:04,33.8889,35.4944,52.54,54,100,5.75,overcast clouds
512,Ternate,ID,2022-01-30 21:55:04,0.8,127.4,79.47,78,99,10.22,overcast clouds
513,Bissau,GW,2022-01-30 21:55:05,11.8636,-15.5977,78.91,57,75,3.44,broken clouds
514,Hayvoron,UA,2022-01-30 21:55:05,48.3396,29.8679,33.55,96,62,20.09,light snow
515,Port Hedland,AU,2022-01-30 21:55:05,-20.3167,118.5667,80.65,83,94,9.22,overcast clouds
516,Haines Junction,CA,2022-01-30 21:55:05,60.7522,-137.5108,10.35,61,98,10.36,overcast clouds
517,Machali,CL,2022-01-30 21:55:06,-34.1833,-70.6667,79.88,41,0,4.74,clear sky
518,Kovur,IN,2022-01-30 21:55:06,14.4833,79.9833,69.66,94,4,4.72,clear sky
519,Eskisehir,TR,2022-01-30 21:55:06,39.7767,30.5206,27.12,97,99,2.3,overcast clouds
520,Sola,VU,2022-01-30 21:55:07,-13.8833,167.55,81.27,83,100,0.0,overcast clouds
521,Vostok,RU,2022-01-30 21:55:07,46.4856,135.8833,-21.87,99,66,3.49,broken clouds
522,San Andres,CO,2022-01-30 21:55:07,12.5847,-81.7006,82.42,69,75,10.36,broken clouds
523,Zhicheng,CN,2022-01-30 21:55:08,30.2956,111.5047,39.04,79,100,1.57,light rain
524,Tshela,CD,2022-01-30 21:55:08,-4.9833,12.9333,72.81,99,100,2.04,moderate rain
525,Sao Jose Da Coroa Grande,BR,2022-01-30 21:55:09,-8.8978,-35.1478,79.77,79,98,9.46,overcast clouds
526,The Valley,AI,2022-01-30 21:55:09,18.217,-63.0578,82.26,69,20,11.5,few clouds
527,Dogondoutchi,NE,2022-01-30 21:55:10,13.6393,4.0287,71.11,12,39,14.09,scattered clouds
528,Ladario,BR,2022-01-30 21:55:10,-19.0047,-57.6017,88.09,66,40,5.75,scattered clouds
529,Samoded,RU,2022-01-30 21:55:10,63.6083,40.5111,10.4,96,100,4.21,overcast clouds
530,Yenagoa,NG,2022-01-30 21:55:11,4.9247,6.2642,74.91,65,62,2.98,broken clouds
531,Immokalee,US,2022-01-30 21:55:11,26.4187,-81.4173,60.71,19,0,5.75,clear sky
532,Santa Cruz,BO,2022-01-30 21:52:06,-17.8,-63.1667,94.46,36,20,9.22,few clouds
533,Campobasso,IT,2022-01-30 21:55:11,41.6333,14.5833,43.81,85,3,4.38,clear sky
534,Altay,CN,2022-01-30 21:55:12,47.8667,88.1167,3.58,54,33,7.34,scattered clouds
535,Constitucion,CL,2022-01-30 21:55:12,-35.3333,-72.4167,65.75,67,5,19.95,clear sky
536,Midland,US,2022-01-30 21:55:12,31.9974,-102.0779,68.05,24,0,14.97,clear sky
537,Sretensk,RU,2022-01-30 21:55:13,52.2453,117.7093,-26.34,100,62,1.61,broken clouds
538,Bilhaur,IN,2022-01-30 21:55:13,26.85,80.0833,53.29,68,0,2.17,clear sky
539,Mocuba,MZ,2022-01-30 21:55:13,-16.8392,36.9856,70.95,98,11,0.56,few clouds
540,Igarka,RU,2022-01-30 21:55:14,67.4667,86.5833,-4.76,97,98,10.85,overcast clouds
541,Staryy Nadym,RU,2022-01-30 21:55:14,65.6118,72.6842,-5.06,98,100,7.72,overcast clouds
542,Sekoma,BW,2022-01-30 21:55:14,-24.4,23.8833,67.23,88,100,12.48,moderate rain
543,Kushiro,JP,2022-01-30 21:55:15,42.975,144.3747,8.31,81,4,5.97,clear sky
544,Jadu,LY,2022-01-30 21:55:15,31.953,12.0261,43.66,54,0,4.65,clear sky
545,Gimli,CA,2022-01-30 21:54:04,50.6336,-96.9907,14.13,73,100,13.8,overcast clouds
546,Kamiiso,JP,2022-01-30 21:55:15,41.8167,140.65,12.58,85,75,6.91,light snow
547,Anju,KP,2022-01-30 21:55:16,39.6178,125.6647,20.53,49,0,2.95,clear sky
548,Carnduff,CA,2022-01-30 21:55:16,49.1667,-101.8009,19.38,93,38,5.84,scattered clouds
549,Sakakah,SA,2022-01-30 21:51:44,29.9697,40.2064,53.17,44,100,12.1,overcast clouds
550,Dhidhdhoo,MV,2022-01-30 21:53:08,6.8833,73.1,81.27,74,27,8.37,scattered clouds
551,Varadero,CU,2022-01-30 21:55:17,23.1536,-81.2514,61.03,54,0,13.87,clear sky
552,Hagere Hiywet,ET,2022-01-30 21:55:17,8.9833,37.85,56.35,43,41,6.13,scattered clouds
553,Murud,IN,2022-01-30 21:56:17,18.3258,72.965,69.17,62,0,4.85,clear sky
554,Alice Springs,AU,2022-01-30 21:56:06,-23.7,133.8833,72.95,100,75,10.36,broken clouds
555,Cherusti,RU,2022-01-30 21:56:18,55.5498,40.0107,23.9,94,100,9.46,snow
556,Kayankulam,IN,2022-01-30 21:56:18,9.1833,76.5,75.07,84,5,3.36,clear sky
557,Unai,BR,2022-01-30 21:56:18,-16.3575,-46.9061,72.5,88,90,3.89,overcast clouds
558,Seymchan,RU,2022-01-30 21:56:19,62.8833,152.4333,-23.15,96,83,3.51,broken clouds
559,Mana,GF,2022-01-30 21:56:19,5.6592,-53.7767,77.13,82,63,10.27,broken clouds
560,Cururupu,BR,2022-01-30 21:56:19,-1.8283,-44.8683,74.71,95,98,5.86,overcast clouds
561,Maple Creek,CA,2022-01-30 21:53:23,49.9168,-109.4848,43.21,56,100,6.91,overcast clouds
562,Marsa Matruh,EG,2022-01-30 21:56:20,31.3525,27.2453,52.0,87,40,14.97,scattered clouds
563,Dakoro,NE,2022-01-30 21:56:20,14.5106,6.765,62.71,14,1,12.1,clear sky
564,Anaimalai,IN,2022-01-30 21:56:21,10.5833,76.9333,76.77,87,1,2.82,clear sky
565,Kapit,MY,2022-01-30 21:56:21,2.0167,112.9333,72.36,99,100,0.85,overcast clouds
566,Kabare,CD,2022-01-30 21:56:21,-2.4683,28.8242,62.02,96,100,3.78,light rain
567,Nohar,IN,2022-01-30 21:56:22,29.1833,74.7667,56.28,37,0,2.89,clear sky
568,Pedasi,PA,2022-01-30 21:56:22,7.5333,-80.0333,83.07,66,9,17.09,clear sky
569,Plettenberg Bay,ZA,2022-01-30 21:52:58,-34.0527,23.3716,69.19,93,85,1.92,overcast clouds
570,Shimoda,JP,2022-01-30 21:56:22,34.6667,138.95,35.1,66,99,8.84,overcast clouds
571,Portland,US,2022-01-30 21:54:56,45.5234,-122.6762,54.19,71,75,3.0,broken clouds
572,Mamallapuram,IN,2022-01-30 21:56:23,12.6264,80.1722,78.06,79,19,3.78,few clouds
573,Awash,ET,2022-01-30 21:56:23,8.9833,40.1667,69.44,32,13,2.19,few clouds
574,Iskateley,RU,2022-01-30 21:53:55,67.6803,53.1512,12.96,93,100,14.72,overcast clouds
575,Thohoyandou,ZA,2022-01-30 21:56:24,-22.9456,30.485,66.43,96,94,4.9,light rain
576,Bhanpuri,IN,2022-01-30 21:56:24,21.1,80.9167,59.16,28,0,3.76,clear sky
577,Gat,IL,2022-01-30 21:55:39,31.61,34.7642,49.41,100,0,4.56,clear sky
578,Butte,US,2022-01-30 21:56:24,39.6499,-121.5677,62.15,47,12,3.76,few clouds
579,Luba,GQ,2022-01-30 21:56:25,3.4568,8.5547,76.89,78,100,7.16,overcast clouds
580,Mitchell,US,2022-01-30 21:53:05,43.7094,-98.0298,37.11,53,100,3.0,overcast clouds
581,Funadhoo,MV,2022-01-30 21:56:25,6.15,73.2667,81.5,76,42,12.77,scattered clouds
582,Salina,US,2022-01-30 21:56:26,38.8403,-97.6114,56.84,25,14,7.47,few clouds
583,Palu,ID,2022-01-30 21:56:26,-0.8917,119.8707,75.34,93,100,1.92,overcast clouds
584,Edd,ER,2022-01-30 21:56:26,13.9297,41.6925,78.87,59,68,16.71,broken clouds
585,Defiance,US,2022-01-30 21:56:26,41.3334,-84.45,29.41,86,13,2.48,few clouds
586,Grand Gaube,MU,2022-01-30 21:56:27,-20.0064,57.6608,79.2,80,100,4.0,overcast clouds
587,Gayny,RU,2022-01-30 21:56:27,60.3071,54.3241,-3.41,100,93,2.64,overcast clouds
588,Shenjiamen,CN,2022-01-30 21:56:27,29.9576,122.298,40.03,64,4,11.05,clear sky
589,Baruun-Urt,MN,2022-01-30 21:56:28,46.6806,113.2792,-7.69,95,86,4.79,overcast clouds
590,Rudnogorsk,RU,2022-01-30 21:56:28,57.2639,103.7519,-7.4,100,96,1.01,overcast clouds
591,Paternion,AT,2022-01-30 21:56:28,46.7142,13.6361,39.33,88,5,5.53,clear sky
592,Hohhot,CN,2022-01-30 21:54:29,40.8106,111.6522,5.29,56,0,4.47,clear sky
593,Garissa,KE,2022-01-30 21:56:29,-0.4536,39.6401,78.04,67,43,13.35,scattered clouds
594,Palana,RU,2022-01-30 21:56:29,59.1167,159.9667,27.86,64,70,26.66,broken clouds
595,Loding,NO,2022-01-30 21:56:29,67.3,14.75,28.65,93,75,1.01,broken clouds
596,Huarmey,PE,2022-01-30 21:56:30,-10.0681,-78.1522,72.16,81,100,9.37,overcast clouds
597,Saint-Leu,RE,2022-01-30 21:56:30,-21.15,55.2833,77.86,77,20,14.25,few clouds
598,Puerto Escondido,MX,2022-01-30 21:56:30,15.85,-97.0667,82.9,60,0,6.17,clear sky
599,Daytona Beach,US,2022-01-30 21:54:21,29.2108,-81.0228,59.13,28,0,5.01,clear sky
600,Petropavlovsk-Kamchatskiy,RU,2022-01-30 21:57:31,53.0452,158.6483,12.79,85,75,6.71,light snow
601,Guerrero Negro,MX,2022-01-30 21:57:31,27.9769,-114.0611,65.1,52,90,14.0,overcast clouds
602,Petauke,ZM,2022-01-30 21:57:31,-14.2426,31.3253,64.2,98,87,2.24,light rain
603,Goderich,CA,2022-01-30 21:57:32,43.7501,-81.7165,23.92,63,82,6.91,broken clouds
604,Quang Ngai,VN,2022-01-30 21:57:32,15.1167,108.8,72.32,92,100,1.92,overcast clouds
605,Avera,US,2022-01-30 21:57:32,33.194,-82.5271,58.71,47,0,14.76,clear sky
606,Chardara,KZ,2022-01-30 21:57:33,41.2547,67.9692,33.13,58,3,10.49,clear sky
607,Ganzhou,CN,2022-01-30 21:57:33,28.8184,115.4327,39.27,83,100,2.75,overcast clouds
608,Bokoro,TD,2022-01-30 21:57:33,12.3807,17.0568,67.68,16,1,14.72,clear sky
609,Northam,GB,2022-01-30 21:57:34,51.0333,-4.2167,49.48,91,71,26.46,broken clouds
610,Okoneshnikovo,RU,2022-01-30 21:57:34,54.8377,75.0834,11.98,95,88,9.37,overcast clouds
611,Tigre,AR,2022-01-30 21:57:34,-34.426,-58.5796,87.28,51,0,10.36,clear sky
612,Morris,US,2022-01-30 21:57:35,40.8334,-74.5329,22.41,52,40,1.01,scattered clouds
613,Chifeng,CN,2022-01-30 21:54:17,42.2683,118.9636,17.22,75,100,7.0,overcast clouds
614,Sibu,MY,2022-01-30 21:57:35,2.3,111.8167,75.51,94,20,3.0,light rain
615,Mpanda,TZ,2022-01-30 21:57:35,-6.3655,31.0409,66.06,97,100,3.33,light rain
616,Sinnamary,GF,2022-01-30 21:53:22,5.3833,-52.95,76.39,87,51,11.9,broken clouds
617,New Baltimore,US,2022-01-30 21:57:36,42.6811,-82.7369,28.22,59,73,0.94,broken clouds
618,Surab,PK,2022-01-30 21:57:36,28.4914,66.2585,45.18,51,0,2.86,clear sky
619,Cairns,AU,2022-01-30 21:57:37,-16.9167,145.7667,83.07,87,40,0.0,scattered clouds
620,Aqtobe,KZ,2022-01-30 21:57:37,50.2797,57.2072,24.89,93,100,17.9,overcast clouds
621,Sarlat-La-Caneda,FR,2022-01-30 21:57:37,44.889,1.2166,43.54,95,55,3.87,broken clouds
622,Inongo,CD,2022-01-30 21:57:38,-1.95,18.2667,77.14,59,97,3.67,overcast clouds
623,Kriel,ZA,2022-01-30 21:57:38,-26.2739,29.2253,63.81,96,99,4.32,overcast clouds
624,Horki,BY,2022-01-30 21:57:38,54.2861,30.9842,30.43,86,91,9.19,overcast clouds
625,Basco,PH,2022-01-30 21:57:38,20.4487,121.9702,71.4,75,99,29.68,overcast clouds
626,Sioux Lookout,CA,2022-01-30 21:57:39,50.1001,-91.917,10.78,85,100,4.61,overcast clouds
627,Oriximina,BR,2022-01-30 21:57:39,-1.7656,-55.8661,76.96,89,99,4.16,moderate rain
628,Mayo,US,2022-01-30 21:57:39,38.8876,-76.5119,32.18,50,40,4.0,scattered clouds
629,Brazzaville,CG,2022-01-30 21:56:48,-4.2658,15.2832,82.71,78,99,3.44,overcast clouds
630,Acari,PE,2022-01-30 21:57:40,-15.4311,-74.6158,76.05,65,75,9.8,broken clouds
631,Aklavik,CA,2022-01-30 21:57:40,68.2191,-135.0107,2.23,97,100,4.54,overcast clouds
632,Manokwari,ID,2022-01-30 21:57:40,-0.8667,134.0833,77.58,75,100,8.79,overcast clouds
633,Panaba,MX,2022-01-30 21:57:41,21.2833,-88.2667,71.44,49,78,10.27,broken clouds
634,Mehamn,NO,2022-01-30 21:57:41,71.0357,27.8492,28.31,82,99,5.26,light snow
635,Makakilo City,US,2022-01-30 21:57:42,21.3469,-158.0858,77.68,59,20,11.48,few clouds
636,Bereda,ES,2022-01-30 21:56:44,43.2686,-7.5406,43.92,99,12,3.2,few clouds
637,Waingapu,ID,2022-01-30 21:57:42,-9.6567,120.2641,78.15,84,100,9.8,overcast clouds
638,Opotiki,NZ,2022-01-30 21:57:42,-38.0833,177.2833,73.38,54,53,4.29,broken clouds
639,Hamada,JP,2022-01-30 21:57:43,34.8833,132.0833,36.0,55,100,11.41,overcast clouds
640,Muros,ES,2022-01-30 21:57:43,42.7762,-9.0603,51.84,64,0,5.44,clear sky
641,Koslan,RU,2022-01-30 21:57:43,63.4564,48.8989,2.16,98,90,4.27,overcast clouds
642,Gao,ML,2022-01-30 21:57:44,16.6362,1.637,69.75,14,22,11.65,few clouds
643,Borgarnes,IS,2022-01-30 21:57:44,64.5383,-21.9206,27.16,93,100,26.66,overcast clouds
644,Wamba,NG,2022-01-30 21:57:44,8.9333,8.6,70.38,16,94,4.52,overcast clouds
645,Mildura,AU,2022-01-30 21:57:45,-34.2,142.15,77.07,56,0,0.0,clear sky
646,Erenhot,CN,2022-01-30 21:57:45,43.6475,111.9767,4.59,89,100,17.54,overcast clouds
647,Puerto Madryn,AR,2022-01-30 21:57:45,-42.7692,-65.0385,58.96,47,53,21.99,broken clouds
648,West Bay,KY,2022-01-30 21:58:46,19.3667,-81.4167,71.08,60,40,3.0,scattered clouds
649,Jacksonville,US,2022-01-30 21:56:36,30.3322,-81.6556,58.98,25,0,5.01,clear sky
650,Sovetskiy,RU,2022-01-30 21:58:46,61.3614,63.5842,-8.54,100,100,3.29,overcast clouds
651,Bay Roberts,CA,2022-01-30 21:58:46,47.5999,-53.2648,41.32,81,100,10.0,overcast clouds
652,Orlik,RU,2022-01-30 21:58:47,52.5178,99.825,-25.71,94,64,2.39,broken clouds
653,Riyadh,SA,2022-01-30 21:58:47,24.6877,46.7219,55.54,43,0,10.67,clear sky
654,Sorong,ID,2022-01-30 21:58:48,-0.8833,131.25,81.57,76,100,10.76,overcast clouds
655,Mwinilunga,ZM,2022-01-30 21:58:48,-11.7358,24.4293,63.32,98,100,3.62,overcast clouds
656,West Wendover,US,2022-01-30 21:58:48,40.7391,-114.0733,41.74,24,2,2.26,clear sky
657,Vila,PT,2022-01-30 21:58:49,42.0304,-8.1588,40.93,51,0,2.8,clear sky
658,Dimitrie Cantemir,RO,2022-01-30 21:58:49,46.5078,28.0547,37.96,59,75,13.98,broken clouds
659,Montevideo,UY,2022-01-30 21:55:37,-34.8335,-56.1674,83.52,44,40,5.01,scattered clouds
660,Yakeshi,CN,2022-01-30 21:58:49,49.2833,120.7333,-29.92,100,93,1.61,overcast clouds
661,Colac,AU,2022-01-30 21:58:50,-38.3333,143.5833,67.15,83,88,6.35,overcast clouds
662,Nikolsk,RU,2022-01-30 21:58:50,53.7189,46.0712,16.7,97,90,6.76,overcast clouds
663,Korablino,RU,2022-01-30 21:58:50,53.9164,40.0133,25.93,94,100,13.85,snow
664,Spornoye,RU,2022-01-30 21:58:51,50.8448,37.2913,30.22,95,100,13.02,light snow
665,Jeremoabo,BR,2022-01-30 21:58:51,-10.075,-38.4808,81.46,57,89,14.74,overcast clouds
666,Sorland,NO,2022-01-30 21:55:43,67.667,12.6934,34.02,44,91,6.82,overcast clouds
667,Mindelo,CV,2022-01-30 21:56:53,16.8901,-24.9804,69.35,64,75,24.16,broken clouds
668,Hohoe,GH,2022-01-30 21:58:51,7.1518,0.4736,78.17,17,100,4.7,overcast clouds
669,Araouane,ML,2022-01-30 21:58:32,18.9048,-3.5265,73.17,15,43,10.67,scattered clouds
670,Ilhabela,BR,2022-01-30 21:58:52,-23.7781,-45.3581,74.71,90,100,1.5,overcast clouds
671,Kenai,US,2022-01-30 21:56:43,60.5544,-151.2583,24.89,86,20,0.0,few clouds
672,Glenwood Springs,US,2022-01-30 21:58:52,39.5505,-107.3248,47.43,16,0,4.61,clear sky
673,Swan River,CA,2022-01-30 21:58:53,52.1058,-101.2676,21.09,73,95,13.8,overcast clouds
674,Trzebiatow,PL,2022-01-30 21:58:53,54.0615,15.2648,40.86,68,1,18.19,clear sky
675,Santiago De Cao,PE,2022-01-30 21:58:53,-7.9589,-79.2392,68.13,83,100,12.66,overcast clouds
676,Laguna,US,2022-01-30 21:58:09,38.421,-121.4238,65.44,56,0,1.99,clear sky
677,Mountain Home,US,2022-01-30 21:58:22,43.133,-115.6912,28.94,67,56,5.88,broken clouds
678,Nishihara,JP,2022-01-30 21:57:23,26.1842,127.7558,58.28,51,75,24.16,broken clouds
679,Jorochito,BO,2022-01-30 21:58:54,-18.05,-63.4333,92.93,37,26,6.29,scattered clouds
680,Aguimes,ES,2022-01-30 21:58:54,27.9054,-15.4461,60.85,70,6,3.44,haze
681,Tigil,RU,2022-01-30 21:58:55,57.8,158.6667,30.99,67,100,29.75,overcast clouds
682,Manggar,ID,2022-01-30 21:58:24,-2.8833,108.2667,77.77,83,75,6.96,broken clouds
683,College,US,2022-01-30 21:58:53,64.8569,-147.8028,-8.77,76,68,1.01,broken clouds
684,Bowen,AU,2022-01-30 21:58:55,-20.0167,148.2333,77.22,79,44,8.52,scattered clouds
685,Gold Coast,AU,2022-01-30 21:55:27,-28.0,153.4333,83.19,81,40,5.01,scattered clouds
686,Goksun,TR,2022-01-30 21:58:56,38.021,36.4973,18.95,97,99,3.56,overcast clouds
687,Bindura,ZW,2022-01-30 21:58:56,-17.3019,31.3306,62.06,96,0,1.74,clear sky
688,Porto Novo,BJ,2022-01-30 21:54:18,6.4965,2.6036,82.22,66,75,2.04,broken clouds
689,Camacha,PT,2022-01-30 21:58:57,33.0833,-16.3333,61.56,88,20,16.11,few clouds
690,Prince Rupert,CA,2022-01-30 21:58:57,54.3161,-130.3201,38.89,87,100,4.61,overcast clouds
691,Imelda,PH,2022-01-30 21:58:57,7.65,123.95,76.03,85,18,4.12,few clouds
692,Yinchuan,CN,2022-01-30 21:58:58,38.4681,106.2731,16.21,31,0,6.11,clear sky
693,Qasigiannguit,GL,2022-01-30 21:58:58,68.8193,-51.1922,-6.45,72,100,9.22,overcast clouds
694,Bilma,NE,2022-01-30 21:55:36,18.6853,12.9164,59.68,15,0,19.08,clear sky
695,Port-Cartier,CA,2022-01-30 21:59:39,50.0334,-66.8654,9.75,76,82,10.85,broken clouds
696,Abha,SA,2022-01-30 21:59:59,18.2164,42.5053,57.02,41,0,11.5,clear sky
